ulCounter,timestamp,fcnt,deui,gw,ftime,ft2d,etime,snr,rssi,ant,lsnr,rssic,rssis,lat,lon
1,1498555996434,1,'3238353550348101','0000000008060504',,,,-4,-116,,,,,,
1,1498555996574,1,'3238353550348101','7076fffffe01784d',,1742,wdzfqHL2cWjnSyo+74zdHQ==,-13,-120,0,-13,-107,-120,0,0
1,1498555996717,1,'3238353550348101','00000000080e00e5',,,,-12.5,-126,,,,,,
1,1498555996980,1,'3238353550348101','00000000080e0022',,,,-7.5,-125,,,,,,
1,1498555997130,1,'3238353550348101','0000000008060739',,,,-4.5,-119,,,,,,
2,1498556000378,2,'3238353550348101','0000000008060504',,,,-5,-115,,,,,,
2,1498556000480,2,'3238353550348101','7076fffffe01787f',,927,HCsBBGutrpcUhmgOH9Uz+g==,-15,-123,0,-15,-108,-123,0,0
2,1498556000656,2,'3238353550348101','00000000080e00e5',,,,-10.8,-124,,,,,,
2,1498556001063,2,'3238353550348101','00000000080e0022',,,,-5.8,-123,,,,,,
2,1498556001157,2,'3238353550348101','000000000806070e',,,,-12,-123,,,,,,
2,1498556001158,2,'3238353550348101','00000000080e00a3',,,,-13,-128,,,,,,
2,1498556001260,2,'3238353550348101','0000000008060739',,,,null,-116,,,,,,
3,1498556003921,3,'3238353550348101','0000000008060504',,,,-3,-110,,,,,,
3,1498556004027,3,'3238353550348101','7076fffffe01784d',,430,YGzrQa5FMYXb+6ZCTT8ptw==,-13,-118,0,-13,-105,-119,0,0
3,1498556004462,3,'3238353550348101','0000000008060739',,,,-8.8,-118,,,,,,
3,1498556004467,3,'3238353550348101','00000000080e0022',,,,-11,-123,,,,,,
4,1498556008642,4,'3238353550348101','0000000008060504',,,,-4.8,-117,,,,,,
4,1498556008726,4,'3238353550348101','7076fffffe01784d',,7,kP13JoT0ncpCD+h48GFiLQ==,-14,-121,0,-14,-107,-122,0,0
4,1498556009042,4,'3238353550348101','00000000080e00e5',,,,-10.2,-124,,,,,,
4,1498556009188,4,'3238353550348101','00000000080e0022',,,,-6.2,-124,,,,,,
4,1498556009300,4,'3238353550348101','0000000008060739',,,,-0.5,-117,,,,,,
4,1498556009349,4,'3238353550348101','000000000806070e',,,,-12.2,-125,,,,,,
5,1498556012423,5,'3238353550348101','0000000008060504',,,,-6,-119,,,,,,
5,1498556012557,5,'3238353550348101','7076fffffe017776',,1141,MCCDx5LXKXpEhFRscbC+Ow==,-13,-121,0,-13,-108,-122,0,0
5,1498556012797,5,'3238353550348101','00000000080e00e5',,,,-11.5,-125,,,,,,
5,1498556012984,5,'3238353550348101','00000000080e0022',,,,-7,-122,,,,,,
5,1498556013063,5,'3238353550348101','0000000008060739',,,,-1.2,-117,,,,,,
5,1498556013117,5,'3238353550348101','000000000806070e',,,,-12,-125,,,,,,
6,1498556016043,6,'3238353550348101','0000000008060504',,,,-2.8,-111,,,,,,
6,1498556016706,6,'3238353550348101','00000000080e0022',,,,-10.2,-122,,,,,,
6,1498556016760,6,'3238353550348101','0000000008060739',,,,-8.8,-116,,,,,,
7,1498556019179,7,'3238353550348101','0000000008060504',,,,-9.8,-118,,,,,,
7,1498556019282,7,'3238353550348101','0000000008060613',,,,-12,-129,,,,,,
7,1498556019305,7,'3238353550348101','7076fffffe017776',,,,-9,-119,0,-9,-110,,0,0
7,1498556019318,7,'3238353550348101','7076fffffe01787f',,-2190,uivheqs8JfOGQ0UQv/+p3g==,-12,-120,0,-12,-108,-121,0,0
7,1498556019984,7,'3238353550348101','00000000080e0022',,,,-10.2,-128,,,,,,
7,1498556020026,7,'3238353550348101','0000000008060739',,,,-3.5,-119,,,,,,
8,1498556022410,8,'3238353550348101','0000000008060504',,,,-8.8,-118,,,,,,
8,1498556022412,8,'3238353550348101','000000000806042f',,,,-11.5,-125,,,,,,
8,1498556022513,8,'3238353550348101','7076fffffe01787f',,-1786,Dxa3ObdORXL0VhJSHJFiuw==,-13,-121,0,-13,-108,-122,0,0
8,1498556022584,8,'3238353550348101','7076fffffe017776',,,,-10,-121,0,-10,-111,,0,0
8,1498556022970,8,'3238353550348101','00000000080e0022',,,,-9.8,-128,,,,,,
8,1498556023075,8,'3238353550348101','0000000008060739',,,,-2.5,-118,,,,,,
8,1498556023860,8,'3238353550348101','00000000080e00e5',,,,-3.8,-120,,,,,,
9,1498556027212,9,'3238353550348101','0000000008060504',,,,-3.2,-110,,,,,,
10,1498556032146,10,'3238353550348101','0000000008060504',,,,-4.8,-117,,,,,,
10,1498556032294,10,'3238353550348101','000000000806070e',,,,-13.2,-125,,,,,,
10,1498556032295,10,'3238353550348101','7076fffffe017776',,49,MEsNWSBeuqJ0mxhJaNTm3Q==,-13,-121,0,-13,-108,-122,0,0
10,1498556032456,10,'3238353550348101','00000000080e00e5',,,,-8,-123,,,,,,
10,1498556032824,10,'3238353550348101','00000000080e0022',,,,-7.8,-123,,,,,,
10,1498556032912,10,'3238353550348101','0000000008060739',,,,-6.2,-124,,,,,,
11,1498556036007,11,'3238353550348101','0000000008060504',,,,-3,-110,,,,,,
11,1498556036106,11,'3238353550348101','00000000080e0022',,,,-9.2,-120,,,,,,
11,1498556036616,11,'3238353550348101','0000000008060739',,,,-9.8,-116,,,,,,
12,1498556040719,12,'3238353550348101','0000000008060504',,,,-2.8,-111,,,,,,
12,1498556040845,12,'3238353550348101','00000000080e0022',,,,-6.2,-122,,,,,,
13,1498556044443,13,'3238353550348101','000000000806042f',,,,-12.2,-127,,,,,,
13,1498556044443,13,'3238353550348101','0000000008060504',,,,-8,-116,,,,,,
13,1498556044577,13,'3238353550348101','7076fffffe017776',,-1062,dnVCMeDzOK26x8nPyCAgQg==,-14,-123,0,-14,-109,-123,0,0
13,1498556044755,13,'3238353550348101','00000000080e00e5',,,,-6,-118,,,,,,
13,1498556045095,13,'3238353550348101','0000000008060739',,,,-3.2,-116,,,,,,
14,1498556047678,14,'3238353550348101','0000000008060504',,,,-5.5,-112,,,,,,
14,1498556047784,14,'3238353550348101','00000000080e0022',,,,-5.5,-121,,,,,,
14,1498556047794,14,'3238353550348101','7076fffffe01784d',,-793,7Q/HHpHKqeqaDxVcoz0TOQ==,-14,-119,0,-14,-105,-120,0,0
15,1498556052008,15,'3238353550348101','0000000008060504',,,,-3.2,-115,,,,,,
15,1498556052104,15,'3238353550348101','00000000080e0022',,,,-7,-124,,,,,,
15,1498556052129,15,'3238353550348101','7076fffffe017776',,-594,73tx+InIJJ3fQnBz4ydgbA==,-13,-121,0,-13,-108,-122,0,0
15,1498556052238,15,'3238353550348101','00000000080e00e5',,,,-8.5,-124,,,,,,
15,1498556052740,15,'3238353550348101','0000000008060739',,,,-7.5,-122,,,,,,
15,1498556052926,15,'3238353550348101','000000000806070e',,,,-13.2,-125,,,,,,
16,1498556055621,16,'3238353550348101','000000000806042f',,,,-12.5,-127,,,,,,
16,1498556055624,16,'3238353550348101','0000000008060504',,,,-10,-118,,,,,,
16,1498556055860,16,'3238353550348101','7076fffffe017776',,-776,FNMSIQLorj78j2Xfgm9mVA==,-14,-122,0,-14,-108,-123,0,0
16,1498556055898,16,'3238353550348101','00000000080e00e5',,,,-4.8,-121,,,,,,
16,1498556056330,16,'3238353550348101','0000000008060739',,,,null,-112,,,,,,
17,1498556060616,17,'3238353550348101','0000000008060504',,,,-10.5,-119,,,,,,
17,1498556060623,17,'3238353550348101','000000000806042f',,,,-12.2,-127,,,,,,
17,1498556060762,17,'3238353550348101','7076fffffe01787f',,-2281,A1NrVhFShY7dTHY9/uOd9Q==,-14,-122,0,-14,-108,-123,0,0
17,1498556060858,17,'3238353550348101','00000000080e00e5',,,,-4.5,-119,,,,,,
17,1498556061280,17,'3238353550348101','0000000008060739',,,,-2.5,-115,,,,,,
18,1498556064452,18,'3238353550348101','0000000008060504',,,,-11.2,-120,,,,,,
18,1498556064550,18,'3238353550348101','7076fffffe01787f',,,,-12,-122,0,-12,-110,,0,0
18,1498556064586,18,'3238353550348101','7076fffffe017776',,-103,3qafumCtpDGrVSrzsCeBMw==,-12,-120,0,-12,-108,-120,0,0
18,1498556064782,18,'3238353550348101','00000000080e00e5',,,,-6,-119,,,,,,
18,1498556065026,18,'3238353550348101','0000000008060739',,,,-3,-115,,,,,,
19,1498556067607,19,'3238353550348101','0000000008060504',,,,-2.8,-111,,,,,,
19,1498556068176,19,'3238353550348101','00000000080e0022',,,,-7.2,-122,,,,,,
19,1498556068287,19,'3238353550348101','0000000008060739',,,,-10.8,-122,,,,,,
20,1498556071971,20,'3238353550348101','0000000008060504',,,,-9,-117,,,,,,
20,1498556072077,20,'3238353550348101','7076fffffe01787f',,-1810,/gdVlpseax5oHy7m/8d8Ug==,-14,-122,0,-14,-108,-123,0,0
20,1498556072141,20,'3238353550348101','7076fffffe017776',,-1219,jpkwFbvlTZmQQRnbx2zI6w==,-12,-120,0,-12,-108,-120,0,0
20,1498556072380,20,'3238353550348101','00000000080e00e5',,,,-5.5,-119,,,,,,
20,1498556072558,20,'3238353550348101','00000000080e0022',,,,-9.2,-126,,,,,,
20,1498556072612,20,'3238353550348101','0000000008060739',,,,-3,-115,,,,,,
21,1498556075127,21,'3238353550348101','0000000008060504',,,,-2.8,-111,,,,,,
21,1498556075732,21,'3238353550348101','0000000008060739',,,,-10.5,-119,,,,,,
21,1498556075752,21,'3238353550348101','00000000080e0022',,,,-11.5,-123,,,,,,
22,1498556078585,22,'3238353550348101','0000000008060504',,,,-10.2,-119,,,,,,
22,1498556078700,22,'3238353550348101','7076fffffe01787f',,,,-12,-122,0,-12,-110,,0,0
22,1498556078776,22,'3238353550348101','7076fffffe017776',,490,/Z3MlyUaYqzyN8VaamBH8A==,-12,-120,0,-12,-108,-121,0,0
22,1498556078899,22,'3238353550348101','00000000080e00e5',,,,-4.5,-120,,,,,,
22,1498556079150,22,'3238353550348101','0000000008060613',,,,-12,-129,,,,,,
22,1498556079164,22,'3238353550348101','0000000008060739',,,,-2,-116,,,,,,
22,1498556079286,22,'3238353550348101','000000000806070e',,,,-12.8,-124,,,,,,
23,1498556081695,23,'3238353550348101','0000000008060504',,,,-6.8,-118,,,,,,
23,1498556081975,23,'3238353550348101','00000000080e00e5',,,,-9.2,-121,,,,,,
23,1498556082316,23,'3238353550348101','00000000080e0022',,,,-6.2,-122,,,,,,
23,1498556082376,23,'3238353550348101','0000000008060739',,,,-3,-117,,,,,,
23,1498556082516,23,'3238353550348101','000000000806070e',,,,-13.5,-124,,,,,,
24,1498556085369,24,'3238353550348101','0000000008060504',,,,-2.2,-112,,,,,,
24,1498556085374,24,'3238353550348101','000000000806042f',,,,-12.5,-120,,,,,,
24,1498556085907,24,'3238353550348101','00000000080e0022',,,,-6.8,-121,,,,,,
24,1498556086085,24,'3238353550348101','0000000008060739',,,,-5.8,-119,,,,,,
25,1498556089314,25,'3238353550348101','000000000806042f',,,,-13.2,-121,,,,,,
25,1498556089315,25,'3238353550348101','0000000008060504',,,,-3.5,-113,,,,,,
25,1498556089866,25,'3238353550348101','00000000080e0022',,,,-5.8,-120,,,,,,
26,1498556093656,26,'3238353550348101','0000000008060504',,,,-9.2,-117,,,,,,
26,1498556093753,26,'3238353550348101','7076fffffe01787f',,,,-11,-121,0,-11,-110,,0,0
26,1498556093802,26,'3238353550348101','7076fffffe017776',,914,Fwon+VNAIxvkyyRW55Y+uA==,-12,-120,0,-12,-108,-121,0,0
26,1498556093896,26,'3238353550348101','00000000080e00e5',,,,-4.2,-119,,,,,,
26,1498556094271,26,'3238353550348101','0000000008060739',,,,-2.5,-116,,,,,,
27,1498556098186,27,'3238353550348101','000000000806042f',,,,-8,-123,,,,,,
27,1498556098202,27,'3238353550348101','0000000008060504',,,,-11.2,-120,,,,,,
27,1498556098345,27,'3238353550348101','7076fffffe017776',,,,-7,-119,0,-7,-112,,0,0
27,1498556098560,27,'3238353550348101','00000000080e00e5',,,,-2.8,-116,,,,,,
27,1498556098829,27,'3238353550348101','00000000080e0022',,,,-9,-126,,,,,,
27,1498556098895,27,'3238353550348101','0000000008060739',,,,-9.5,-123,,,,,,
28,1498556101701,28,'3238353550348101','0000000008060504',,,,-4,-112,,,,,,
28,1498556102247,28,'3238353550348101','00000000080e0022',,,,-6.5,-121,,,,,,
29,1498556106246,29,'3238353550348101','0000000008060504',,,,-9.2,-122,,,,,,
29,1498556106515,29,'3238353550348101','00000000080e00e5',,,,-6.5,-122,,,,,,
29,1498556106894,29,'3238353550348101','00000000080e0022',,,,-9.8,-127,,,,,,
29,1498556106910,29,'3238353550348101','0000000008060739',,,,-4.8,-121,,,,,,
29,1498556106967,29,'3238353550348101','000000000806070e',,,,-12.5,-123,,,,,,
30,1498556111076,30,'3238353550348101','0000000008060504',,,,-9.5,-121,,,,,,
30,1498556111378,30,'3238353550348101','00000000080e00e5',,,,-8.2,-122,,,,,,
30,1498556111681,30,'3238353550348101','00000000080e0022',,,,-10,-127,,,,,,
30,1498556111706,30,'3238353550348101','0000000008060739',,,,1.2,-115,,,,,,
30,1498556111860,30,'3238353550348101','000000000806070e',,,,-12.5,-126,,,,,,
31,1498556116028,31,'3238353550348101','0000000008060504',,,,-3,-110,,,,,,
31,1498556116602,31,'3238353550348101','0000000008060739',,,,-8.5,-117,,,,,,
31,1498556116692,31,'3238353550348101','00000000080e0022',,,,-8.2,-120,,,,,,
32,1498556120115,32,'3238353550348101','000000000806042f',,,,-9.5,-124,,,,,,
32,1498556120116,32,'3238353550348101','0000000008060504',,,,-11.8,-121,,,,,,
32,1498556120246,32,'3238353550348101','7076fffffe017776',,,,-7,-118,0,-7,-111,,0,0
32,1498556120280,32,'3238353550348101','7076fffffe01787f',,,,-10,-120,0,-10,-110,,0,0
32,1498556120421,32,'3238353550348101','00000000080e00e5',,,,-2.8,-118,,,,,,
32,1498556120669,32,'3238353550348101','00000000080e0022',,,,-8.5,-126,,,,,,
32,1498556120758,32,'3238353550348101','0000000008060739',,,,-10,-124,,,,,,
33,1498556123608,33,'3238353550348101','0000000008060504',,,,-4.8,-113,,,,,,
33,1498556123625,33,'3238353550348101','7076fffffe01787f',,2663,EHKvpuGsunpsAAOI0VOB4w==,-15,-120,0,-15,-105,-120,0,0
33,1498556123701,33,'3238353550348101','7076fffffe017776',,,,-12,-118,0,-12,-106,,0,0
33,1498556124132,33,'3238353550348101','00000000080e0022',,,,-7.5,-122,,,,,,
34,1498556128614,34,'3238353550348101','00000000080e0022',,,,-9,-120,,,,,,
34,1498556128729,34,'3238353550348101','0000000008060739',,,,-9.2,-118,,,,,,
35,1498556132887,35,'3238353550348101','0000000008060504',,,,-7.2,-118,,,,,,
35,1498556133216,35,'3238353550348101','00000000080e00e5',,,,-5.8,-121,,,,,,
35,1498556133480,35,'3238353550348101','00000000080e0022',,,,-10,-125,,,,,,
35,1498556133645,35,'3238353550348101','0000000008060739',,,,-1,-117,,,,,,
36,1498556136408,36,'3238353550348101','000000000806042f',,,,-8.5,-122,,,,,,
36,1498556136410,36,'3238353550348101','0000000008060504',,,,-11,-119,,,,,,
36,1498556136548,36,'3238353550348101','7076fffffe01787f',,-1431,sIP71EqziIK1blWinN1fiA==,-11,-119,0,-11,-108,-120,0,0
36,1498556136591,36,'3238353550348101','7076fffffe017776',,652,9uryiW0j+TnsE4xSUfeMlg==,-12,-120,0,-12,-108,-120,0,0
36,1498556136735,36,'3238353550348101','00000000080e00e5',,,,-2.8,-117,,,,,,
36,1498556136946,36,'3238353550348101','00000000080e0022',,,,-6.2,-123,,,,,,
36,1498556137064,36,'3238353550348101','0000000008060739',,,,1.8,-115,,,,,,
37,1498556140906,37,'3238353550348101','0000000008060504',,,,-9.5,-119,,,,,,
37,1498556141138,37,'3238353550348101','00000000080e00e5',,,,-6.2,-122,,,,,,
37,1498556141692,37,'3238353550348101','0000000008060739',,,,3.5,-114,,,,,,
37,1498556141692,37,'3238353550348101','00000000080e0022',,,,-10.8,-128,,,,,,
38,1498556145286,38,'3238353550348101','000000000806042f',,,,-11.5,-123,,,,,,
38,1498556145288,38,'3238353550348101','0000000008060504',,,,-8,-119,,,,,,
38,1498556145561,38,'3238353550348101','00000000080e00e5',,,,-7.2,-121,,,,,,
38,1498556145890,38,'3238353550348101','00000000080e0022',,,,-8.8,-126,,,,,,
38,1498556145924,38,'3238353550348101','0000000008060739',,,,1.2,-117,,,,,,
38,1498556146016,38,'3238353550348101','000000000806070e',,,,-11.2,-124,,,,,,
39,1498556148745,39,'3238353550348101','000000000806042f',,,,-8.5,-124,,,,,,
39,1498556148755,39,'3238353550348101','0000000008060504',,,,-12,-120,,,,,,
39,1498556148910,39,'3238353550348101','7076fffffe01787f',,-1829,VIfyPrCOJv2SbSo+ahhgvA==,-14,-123,0,-14,-109,-123,0,0
39,1498556149036,39,'3238353550348101','00000000080e00e5',,,,-4,-119,,,,,,
39,1498556149372,39,'3238353550348101','00000000080e0022',,,,-6.8,-125,,,,,,
39,1498556149495,39,'3238353550348101','0000000008060739',,,,2.2,-111,,,,,,
40,1498556152584,40,'3238353550348101','0000000008060504',,,,-3,-112,,,,,,
40,1498556152584,40,'3238353550348101','000000000806042f',,,,-8.8,-123,,,,,,
40,1498556152616,40,'3238353550348101','000000000806070e',,,,-12.8,-127,,,,,,
40,1498556152621,40,'3238353550348101','0000000008060613',,,,-12.8,-130,,,,,,
40,1498556152631,40,'3238353550348101','7076fffffe01787f',,-565,lVIc2C1Q0QYc5pxwemmWzg==,-13,-121,0,-13,-108,-121,0,0
40,1498556152800,40,'3238353550348101','00000000080e00e5',,,,-9.5,-124,,,,,,
1,1498556152962,1,'333234315D358019','0000000008060504',,,,-5.8,-114,,,,,,
40,1498556153056,40,'3238353550348101','00000000080e00a3',,,,-12.5,-125,,,,,,
1,1498556153060,1,'333234315D358019','7076fffffe017776',,-1216,r2Uwa3wb+eLDU7I1JXhbXg==,-12,-120,0,-12,-108,-120,0,0
40,1498556153131,40,'3238353550348101','0000000008060739',,,,2.5,-114,,,,,,
1,1498556153222,1,'333234315D358019','00000000080e00e5',,,,-6.2,-122,,,,,,
1,1498556153748,1,'333234315D358019','00000000080e0022',,,,-11.5,-129,,,,,,
41,1498556155772,41,'3238353550348101','000000000806042f',,,,-7.8,-120,,,,,,
41,1498556155774,41,'3238353550348101','0000000008060504',,,,-6.5,-118,,,,,,
41,1498556155880,41,'3238353550348101','0000000008060613',,,,-8,-121,,,,,,
2,1498556155974,2,'333234315D358019','0000000008060504',,,,-5,-113,,,,,,
41,1498556155999,41,'3238353550348101','00000000080e00e5',,,,-6,-121,,,,,,
2,1498556156060,2,'333234315D358019','0000000008060613',,,,-9,-120,,,,,,
41,1498556156339,41,'3238353550348101','00000000080e00a3',,,,-11.2,-124,,,,,,
41,1498556156550,41,'3238353550348101','00000000080e0022',,,,-8,-123,,,,,,
41,1498556156565,41,'3238353550348101','0000000008060739',,,,0.2,-115,,,,,,
2,1498556156604,2,'333234315D358019','0000000008060739',,,,-1.2,-117,,,,,,
2,1498556156610,2,'333234315D358019','00000000080e0022',,,,-12,-125,,,,,,
3,1498556159081,3,'333234315D358019','0000000008060504',,,,-1.8,-112,,,,,,
3,1498556159180,3,'333234315D358019','0000000008060613',,,,-7.8,-125,,,,,,
3,1498556159183,3,'333234315D358019','0000000008060739',,,,3.5,-110,,,,,,
3,1498556159357,3,'333234315D358019','00000000080e00e5',,,,-6.5,-124,,,,,,
42,1498556160162,42,'3238353550348101','0000000008060504',,,,-4.5,-111,,,,,,
4,1498556162279,4,'333234315D358019','0000000008060504',,,,-1.5,-112,,,,,,
4,1498556162382,4,'333234315D358019','0000000008060613',,,,-7.2,-122,,,,,,
4,1498556162539,4,'333234315D358019','00000000080e00e5',,,,-6.5,-120,,,,,,
4,1498556162784,4,'333234315D358019','0000000008060739',,,,7.8,-109,,,,,,
43,1498556164441,43,'3238353550348101','000000000806042f',,,,-8,-122,,,,,,
43,1498556164443,43,'3238353550348101','0000000008060504',,,,-9.8,-119,,,,,,
43,1498556164546,43,'3238353550348101','7076fffffe01787f',,,,-10,-120,0,-10,-110,,0,0
43,1498556164579,43,'3238353550348101','7076fffffe017776',,867,P+gfwZM0rVtwMmPLUmqGrQ==,-10,-118,0,-10,-108,-119,0,0
43,1498556164608,43,'3238353550348101','00000000080e0022',,,,-7.2,-126,,,,,,
43,1498556164683,43,'3238353550348101','0000000008060739',,,,3.5,-110,,,,,,
43,1498556164699,43,'3238353550348101','00000000080e00e5',,,,-5.5,-120,,,,,,
5,1498556165427,5,'333234315D358019','0000000008060504',,,,-5.5,-113,,,,,,
6,1498556168746,6,'333234315D358019','0000000008060504',,,,0.8,-109,,,,,,
6,1498556168746,6,'333234315D358019','0000000008060739',,,,-5.2,-120,,,,,,
44,1498556169027,44,'3238353550348101','000000000806042f',,,,-7,-121,,,,,,
44,1498556169031,44,'3238353550348101','0000000008060504',,,,-13,-122,,,,,,
44,1498556169120,44,'3238353550348101','0000000008060613',,,,-8.2,-125,,,,,,
44,1498556169121,44,'3238353550348101','0000000008060739',,,,-1,-112,,,,,,
44,1498556169178,44,'3238353550348101','7076fffffe01787f',,-1577,o/rVtKO/qnmGghtIGuBSgw==,-13,-121,0,-13,-108,-122,0,0
44,1498556169211,44,'3238353550348101','7076fffffe017776',,-323,mAyRBWgWp3LdflvpNItspQ==,-12,-120,0,-12,-108,-121,0,0
44,1498556169379,44,'3238353550348101','00000000080e00e5',,,,-9.8,-125,,,,,,
44,1498556170331,44,'3238353550348101','00000000080e0022',,,,-3.8,-122,,,,,,
7,1498556171767,7,'333234315D358019','0000000008060504',,,,-5,-118,,,,,,
7,1498556171864,7,'333234315D358019','0000000008060739',,,,-0.8,-114,,,,,,
7,1498556171881,7,'333234315D358019','0000000008060613',,,,-10.2,-127,,,,,,
7,1498556171924,7,'333234315D358019','7076fffffe01784d',,-516,iCnRfz/O9+rYdnkkfjWe6A==,-13,-115,0,-13,-102,-116,0,0
45,1498556172038,45,'3238353550348101','0000000008060504',,,,-5.8,-119,,,,,,
7,1498556172079,7,'333234315D358019','00000000080e00e5',,,,-4.2,-118,,,,,,
45,1498556172143,45,'3238353550348101','0000000008060739',,,,1.2,-116,,,,,,
45,1498556172240,45,'3238353550348101','00000000080e00e5',,,,-6.5,-120,,,,,,
45,1498556172649,45,'3238353550348101','00000000080e0022',,,,-6.5,-122,,,,,,
45,1498556172681,45,'3238353550348101','0000000008060443',,,,-14.2,-131,,,,,,
45,1498556172916,45,'3238353550348101','000000000806070e',,,,-10.2,-122,,,,,,
8,1498556174881,8,'333234315D358019','0000000008060504',,,,null,-112,,,,,,
46,1498556175054,46,'3238353550348101','000000000806042f',,,,-11.2,-125,,,,,,
46,1498556175145,46,'3238353550348101','0000000008060739',,,,1.8,-116,,,,,,
8,1498556175359,8,'333234315D358019','00000000080e00e5',,,,-4.8,-120,,,,,,
46,1498556175419,46,'3238353550348101','00000000080e00e5',,,,-6.8,-121,,,,,,
8,1498556175536,8,'333234315D358019','0000000008060613',,,,-7.2,-120,,,,,,
46,1498556175667,46,'3238353550348101','00000000080e0022',,,,-10.8,-126,,,,,,
46,1498556175749,46,'3238353550348101','000000000806070e',,,,-12.8,-125,,,,,,
9,1498556178050,9,'333234315D358019','0000000008060504',,,,-4.2,-113,,,,,,
9,1498556178171,9,'333234315D358019','7076fffffe017776',,,,-12,-123,0,-12,-111,,0,0
9,1498556178322,9,'333234315D358019','00000000080e00e5',,,,-4,-118,,,,,,
9,1498556178403,9,'333234315D358019','0000000008060739',,,,-5.2,-119,,,,,,
9,1498556178743,9,'333234315D358019','00000000080e0022',,,,-9.8,-129,,,,,,
47,1498556179297,47,'3238353550348101','000000000806042f',,,,-6.8,-122,,,,,,
47,1498556179430,47,'3238353550348101','7076fffffe01787f',,-2352,5MzwWzu17E4vB1fSPBuB9w==,-15,-123,0,-15,-108,-124,0,0
47,1498556179462,47,'3238353550348101','0000000008060739',,,,-2.8,-117,,,,,,
47,1498556179473,47,'3238353550348101','7076fffffe017776',,144,i2SrCY+DGO4l9B1V+DA45A==,-12,-120,0,-12,-108,-121,0,0
47,1498556179580,47,'3238353550348101','00000000080e00e5',,,,-5,-118,,,,,,
47,1498556179896,47,'3238353550348101','0000000008060613',,,,-13.8,-130,,,,,,
10,1498556181250,10,'333234315D358019','0000000008060504',,,,-10.5,-119,,,,,,
10,1498556181345,10,'333234315D358019','0000000008060739',,,,-2.8,-112,,,,,,
10,1498556181416,10,'333234315D358019','7076fffffe01784d',,-67,u/eMNibfk3Ka2zAVjJVWXA==,-13,-114,0,-13,-101,-115,0,0
10,1498556181928,10,'333234315D358019','0000000008060613',,,,-8.8,-122,,,,,,
10,1498556181971,10,'333234315D358019','00000000080e0022',,,,-9.8,-124,,,,,,
48,1498556182373,48,'3238353550348101','0000000008060504',,,,-3,-111,,,,,,
48,1498556182375,48,'3238353550348101','000000000806042f',,,,-10,-118,,,,,,
48,1498556182463,48,'3238353550348101','0000000008060739',,,,-9.8,-122,,,,,,
48,1498556183031,48,'3238353550348101','00000000080e0022',,,,-6.5,-120,,,,,,
11,1498556184315,11,'333234315D358019','0000000008060504',,,,-2.2,-115,,,,,,
11,1498556184405,11,'333234315D358019','0000000008060739',,,,-4.2,-119,,,,,,
11,1498556184456,11,'333234315D358019','7076fffffe01784d',,920,bJbeEUZfaSAUGzNJrJFTEQ==,-12,-114,0,-12,-102,-115,0,0
11,1498556184624,11,'333234315D358019','00000000080e00e5',,,,-9.2,-123,,,,,,
11,1498556184858,11,'333234315D358019','0000000008060613',,,,-10.5,-127,,,,,,
49,1498556185482,49,'3238353550348101','000000000806042f',,,,-11,-124,,,,,,
49,1498556185485,49,'3238353550348101','0000000008060504',,,,-8,-121,,,,,,
49,1498556185584,49,'3238353550348101','0000000008060739',,,,0.8,-113,,,,,,
49,1498556185737,49,'3238353550348101','00000000080e00e5',,,,-6.2,-122,,,,,,
49,1498556186026,49,'3238353550348101','0000000008060613',,,,-10.2,-125,,,,,,
49,1498556186057,49,'3238353550348101','00000000080e00a3',,,,-12.8,-127,,,,,,
49,1498556186165,49,'3238353550348101','00000000080e0022',,,,-5.2,-123,,,,,,
49,1498556186276,49,'3238353550348101','000000000806070e',,,,-11.2,-123,,,,,,
49,1498556186295,49,'3238353550348101','0000000008060443',,,,-11.8,-127,,,,,,
12,1498556187465,12,'333234315D358019','0000000008060504',,,,-6.8,-113,,,,,,
12,1498556187554,12,'333234315D358019','7076fffffe01784d',,-503,26WQE8N6rPX/x+w0l4X7Vg==,-12,-114,0,-12,-102,-114,0,0
12,1498556187563,12,'333234315D358019','0000000008060739',,,,-9.5,-120,,,,,,
12,1498556187735,12,'333234315D358019','00000000080e00e5',,,,-12,-119,,,,,,
12,1498556188190,12,'333234315D358019','0000000008060613',,,,-10.2,-123,,,,,,
12,1498556188196,12,'333234315D358019','00000000080e0022',,,,-13,-128,,,,,,
50,1498556189736,50,'3238353550348101','0000000008060504',,,,-3.5,-112,,,,,,
50,1498556189846,50,'3238353550348101','7076fffffe01787f',,,,-13,-121,0,-13,-108,,0,0
50,1498556190338,50,'3238353550348101','00000000080e0022',,,,-7,-121,,,,,,
13,1498556190581,13,'333234315D358019','0000000008060504',,,,-8.5,-117,,,,,,
13,1498556190672,13,'333234315D358019','7076fffffe01784d',,-704,HOoZmBTwGYk5NHCXw1kJCA==,-13,-115,0,-13,-102,-116,0,0
13,1498556190695,13,'333234315D358019','0000000008060739',,,,-4,-118,,,,,,
13,1498556190859,13,'333234315D358019','00000000080e00e5',,,,-6.5,-120,,,,,,
13,1498556191127,13,'333234315D358019','00000000080e0022',,,,-7.8,-125,,,,,,
14,1498556193844,14,'333234315D358019','0000000008060739',,,,-1.8,-115,,,,,,
14,1498556194286,14,'333234315D358019','0000000008060613',,,,-9.2,-113,,,,,,
14,1498556194293,14,'333234315D358019','00000000080e0022',,,,-10,-127,,,,,,
51,1498556194320,51,'3238353550348101','000000000806042f',,,,-11.5,-120,,,,,,
51,1498556194325,51,'3238353550348101','0000000008060504',,,,-5,-114,,,,,,
51,1498556194424,51,'3238353550348101','0000000008060739',,,,-1.5,-116,,,,,,
51,1498556194894,51,'3238353550348101','00000000080e0022',,,,-7.8,-123,,,,,,
15,1498556196748,15,'333234315D358019','0000000008060504',,,,-4.2,-116,,,,,,
15,1498556196752,15,'333234315D358019','000000000806042f',,,,-13.2,-127,,,,,,
15,1498556196864,15,'333234315D358019','0000000008060739',,,,-2.5,-117,,,,,,
15,1498556196896,15,'333234315D358019','7076fffffe01784d',,-708,wuBw/y2H9kb1BqiAfPAp6g==,-11,-113,0,-11,-102,-114,0,0
15,1498556196997,15,'333234315D358019','00000000080e00e5',,,,-1.2,-118,,,,,,
15,1498556197354,15,'333234315D358019','0000000008060613',,,,-11,-125,,,,,,
52,1498556198478,52,'3238353550348101','0000000008060504',,,,-8.2,-119,,,,,,
52,1498556198628,52,'3238353550348101','7076fffffe01784d',,508,vUarr+c3aILgGFysSdkwTg==,-14,-118,0,-14,-104,-119,0,0
52,1498556198822,52,'3238353550348101','00000000080e00e5',,,,-8,-120,,,,,,
52,1498556198823,52,'3238353550348101','0000000008060739',,,,-7.5,-119,,,,,,
52,1498556199029,52,'3238353550348101','0000000008060613',,,,-12.5,-126,,,,,,
52,1498556199096,52,'3238353550348101','00000000080e0022',,,,-11.8,-122,,,,,,
52,1498556199206,52,'3238353550348101','000000000806070e',,,,-11.5,-123,,,,,,
16,1498556199796,16,'333234315D358019','0000000008060504',,,,-8.2,-116,,,,,,
16,1498556199908,16,'333234315D358019','7076fffffe01784d',,-27,sKbSKwoQaiMz2Z4cTi46Bw==,-12,-114,0,-12,-102,-114,0,0
16,1498556199965,16,'333234315D358019','0000000008060739',,,,-8.5,-116,,,,,,
16,1498556200363,16,'333234315D358019','0000000008060613',,,,-9.8,-121,,,,,,
53,1498556202807,53,'3238353550348101','0000000008060504',,,,-6.5,-115,,,,,,
53,1498556202904,53,'3238353550348101','0000000008060739',,,,-6.2,-120,,,,,,
17,1498556202904,17,'333234315D358019','0000000008060504',,,,-7.2,-115,,,,,,
17,1498556202947,17,'333234315D358019','7076fffffe01784d',,-1226,bO1Ie1D3mtIUdHfxK8Jxog==,-14,-110,0,-14,-96,-111,0,0
18,1498556205875,18,'333234315D358019','0000000008060504',,,,-4.2,-113,,,,,,
18,1498556205964,18,'333234315D358019','0000000008060739',,,,-9,-120,,,,,,
18,1498556206003,18,'333234315D358019','7076fffffe01784d',,133,6rolqwjnNnI50uDZnI7Krw==,-6,-108,0,-6,-102,-109,0,0
54,1498556206016,54,'3238353550348101','0000000008060504',,,,-11.5,-122,,,,,,
54,1498556206102,54,'3238353550348101','0000000008060739',,,,4.2,-110,,,,,,
54,1498556206118,54,'3238353550348101','7076fffffe01787f',,341,wtjpcfF+OEa2kCZveGfTSA==,-15,-123,0,-15,-108,-123,0,0
54,1498556206299,54,'3238353550348101','00000000080e00e5',,,,-8,-121,,,,,,
54,1498556206589,54,'3238353550348101','00000000080e00a3',,,,-11.5,-125,,,,,,
54,1498556206671,54,'3238353550348101','00000000080e0022',,,,-7.2,-124,,,,,,
19,1498556208969,19,'333234315D358019','0000000008060504',,,,-1.2,-114,,,,,,
19,1498556209023,19,'333234315D358019','0000000008060739',,,,-7.5,-119,,,,,,
19,1498556209176,19,'333234315D358019','00000000080e00e5',,,,-5.2,-115,,,,,,
19,1498556209487,19,'333234315D358019','0000000008060613',,,,-8.2,-122,,,,,,
19,1498556209594,19,'333234315D358019','00000000080e0022',,,,-8.5,-124,,,,,,
55,1498556210236,55,'3238353550348101','0000000008060504',,,,-4.2,-113,,,,,,
55,1498556210322,55,'3238353550348101','0000000008060739',,,,-6.8,-116,,,,,,
20,1498556212009,20,'333234315D358019','0000000008060504',,,,-3.8,-113,,,,,,
20,1498556212014,20,'333234315D358019','000000000806042f',,,,-12.5,-126,,,,,,
20,1498556212103,20,'333234315D358019','0000000008060739',,,,6,-111,,,,,,
20,1498556212149,20,'333234315D358019','7076fffffe01784d',,-772,QigZoW7FgBuSBGiqC2C3+w==,-13,-117,0,-13,-104,-117,0,0
20,1498556212279,20,'333234315D358019','00000000080e00e5',,,,-8.8,-118,,,,,,
20,1498556212566,20,'333234315D358019','0000000008060613',,,,-11.2,-126,,,,,,
20,1498556212632,20,'333234315D358019','00000000080e0022',,,,-10.8,-126,,,,,,
56,1498556215001,56,'3238353550348101','000000000806042f',,,,-8.8,-124,,,,,,
56,1498556215105,56,'3238353550348101','0000000008060739',,,,-7.5,-118,,,,,,
56,1498556215152,56,'3238353550348101','7076fffffe01787f',,-1471,boqGQvOA+2kr1hWqk6sDfg==,-15,-124,0,-15,-109,-125,0,0
21,1498556215163,21,'333234315D358019','0000000008060504',,,,-9,-117,,,,,,
56,1498556215338,56,'3238353550348101','00000000080e00e5',,,,-10.2,-118,,,,,,
22,1498556218342,22,'333234315D358019','0000000008060504',,,,-5,-113,,,,,,
22,1498556218425,22,'333234315D358019','7076fffffe017776',,,,-11,-120,0,-11,-109,,0,0
22,1498556218448,22,'333234315D358019','7076fffffe01784d',,-323,/Nw/4LfxFfTWIbzX4xe09g==,-10,-112,0,-10,-102,-112,0,0
22,1498556218503,22,'333234315D358019','0000000008060739',,,,-8.8,-123,,,,,,
22,1498556218882,22,'333234315D358019','0000000008060613',,,,-9.8,-121,,,,,,
57,1498556219768,57,'3238353550348101','000000000806042f',,,,-13.2,-125,,,,,,
57,1498556219862,57,'3238353550348101','0000000008060739',,,,3.8,-112,,,,,,
57,1498556220081,57,'3238353550348101','00000000080e00e5',,,,-10.5,-125,,,,,,
57,1498556220398,57,'3238353550348101','00000000080e0022',,,,-4.8,-121,,,,,,
57,1498556220450,57,'3238353550348101','0000000008060613',,,,-11.5,-125,,,,,,
57,1498556220470,57,'3238353550348101','000000000806070e',,,,-11.8,-123,,,,,,
23,1498556221347,23,'333234315D358019','0000000008060504',,,,2,-113,,,,,,
23,1498556221442,23,'333234315D358019','0000000008060739',,,,-8.2,-120,,,,,,
23,1498556221488,23,'333234315D358019','7076fffffe01784d',,-678,rF9u0SNmFNZgg6bGMG+Iww==,-14,-116,0,-14,-102,-117,0,0
23,1498556221618,23,'333234315D358019','00000000080e00e5',,,,-11,-122,,,,,,
23,1498556221892,23,'333234315D358019','0000000008060613',,,,-9,-123,,,,,,
23,1498556221918,23,'333234315D358019','00000000080e0022',,,,-7.2,-124,,,,,,
58,1498556224232,58,'3238353550348101','0000000008060504',,,,-2.8,-112,,,,,,
58,1498556224344,58,'3238353550348101','0000000008060739',,,,-4.2,-110,,,,,,
58,1498556224376,58,'3238353550348101','7076fffffe01784d',,491,7giP7fsMarM7UluX4NUx8w==,-13,-114,0,-13,-101,-115,0,0
24,1498556224428,24,'333234315D358019','0000000008060504',,,,-1.5,-114,,,,,,
24,1498556224524,24,'333234315D358019','0000000008060739',,,,2.8,-110,,,,,,
24,1498556224739,24,'333234315D358019','00000000080e00e5',,,,-9.5,-117,,,,,,
58,1498556225022,58,'3238353550348101','00000000080e0022',,,,-6.5,-118,,,,,,
24,1498556225063,24,'333234315D358019','00000000080e0022',,,,-5,-123,,,,,,
25,1498556227558,25,'333234315D358019','0000000008060504',,,,-7.8,-115,,,,,,
59,1498556227707,59,'3238353550348101','000000000806042f',,,,-10,-124,,,,,,
59,1498556227707,59,'3238353550348101','0000000008060504',,,,-10.5,-118,,,,,,
59,1498556227803,59,'3238353550348101','0000000008060739',,,,-0.5,-116,,,,,,
59,1498556227805,59,'3238353550348101','00000000080e0022',,,,-5.5,-125,,,,,,
59,1498556227849,59,'3238353550348101','7076fffffe01784d',,-162,xgzavTD5xiWY/QTib2peRg==,-14,-115,0,-14,-101,-116,0,0
59,1498556227936,59,'3238353550348101','00000000080e00e5',,,,-8.5,-116,,,,,,
59,1498556228031,59,'3238353550348101','7076fffffe017776',,,,-8,-119,0,-8,-111,,0,0
26,1498556230612,26,'333234315D358019','0000000008060504',,,,-5.8,-112,,,,,,
26,1498556230703,26,'333234315D358019','0000000008060739',,,,-7.5,-121,,,,,,
26,1498556230766,26,'333234315D358019','7076fffffe017776',,-802,Fsi/r7o7btE03ZTosoWzzg==,-15,-121,0,-15,-106,-121,0,0
26,1498556231214,26,'333234315D358019','0000000008060613',,,,-11.5,-122,,,,,,
60,1498556232289,60,'3238353550348101','0000000008060504',,,,-4.8,-113,,,,,,
60,1498556232382,60,'3238353550348101','00000000080e0022',,,,-7,-120,,,,,,
60,1498556232408,60,'3238353550348101','7076fffffe01784d',,313,kqLrcCMEMd4Tv15d3vl/gw==,-13,-115,0,-13,-102,-115,0,0
27,1498556233633,27,'333234315D358019','0000000008060504',,,,-0.2,-114,,,,,,
27,1498556233723,27,'333234315D358019','00000000080e0022',,,,-6.5,-122,,,,,,
27,1498556233767,27,'333234315D358019','7076fffffe01784d',,15,7wshzFuskIIsVIB7LdZCmA==,-14,-118,0,-14,-104,-118,0,0
27,1498556234055,27,'333234315D358019','00000000080e00e5',,,,-6.2,-120,,,,,,
61,1498556235561,61,'3238353550348101','0000000008060504',,,,-5.5,-114,,,,,,
61,1498556235663,61,'3238353550348101','00000000080e0022',,,,-6.5,-114,,,,,,
61,1498556235801,61,'3238353550348101','7076fffffe017776',,-2353,Ox1utezGboEroeYRBAYlXA==,-14,-120,0,-14,-106,-120,0,0
28,1498556236792,28,'333234315D358019','0000000008060504',,,,-10,-118,,,,,,
28,1498556236868,28,'333234315D358019','7076fffffe01784d',,-253,6aFyY7pqoABa+4itXJ1qaw==,-13,-115,0,-13,-102,-116,0,0
28,1498556237352,28,'333234315D358019','0000000008060613',,,,-10.5,-120,,,,,,
29,1498556239981,29,'333234315D358019','0000000008060504',,,,-8,-116,,,,,,
29,1498556240083,29,'333234315D358019','0000000008060739',,,,-6,-118,,,,,,
29,1498556240091,29,'333234315D358019','00000000080e0022',,,,-7,-125,,,,,,
29,1498556240255,29,'333234315D358019','00000000080e00e5',,,,-6.5,-120,,,,,,
62,1498556240426,62,'3238353550348101','0000000008060504',,,,-3.8,-111,,,,,,
62,1498556240587,62,'3238353550348101','7076fffffe017776',,,,-11,-120,0,-11,-109,,0,0
62,1498556240863,62,'3238353550348101','00000000080e0022',,,,-7,-120,,,,,,
30,1498556243160,30,'333234315D358019','0000000008060504',,,,-8.8,-118,,,,,,
30,1498556243252,30,'333234315D358019','7076fffffe017776',,-1432,6K8crhRI31295tenTaAx0g==,-14,-119,0,-14,-105,-120,0,0
30,1498556243276,30,'333234315D358019','7076fffffe01784d',,-823,oxHJ2uc4frwSvmDcGN8mVg==,-14,-116,0,-14,-102,-116,0,0
30,1498556243719,30,'333234315D358019','0000000008060613',,,,-10.8,-124,,,,,,
30,1498556243943,30,'333234315D358019','0000000008060739',,,,-4.5,-119,,,,,,
63,1498556244432,63,'3238353550348101','000000000806042f',,,,-8.8,-124,,,,,,
63,1498556244435,63,'3238353550348101','0000000008060504',,,,-10.2,-118,,,,,,
63,1498556244542,63,'3238353550348101','00000000080e0022',,,,-6.8,-126,,,,,,
63,1498556244575,63,'3238353550348101','7076fffffe017776',,1208,H6r3tl5MRixUlcc0c3ww5Q==,-11,-119,0,-11,-108,-120,0,0
63,1498556244697,63,'3238353550348101','00000000080e00e5',,,,-4,-119,,,,,,
63,1498556245037,63,'3238353550348101','0000000008060613',,,,-10,-128,,,,,,
63,1498556245163,63,'3238353550348101','000000000806070e',,,,-14.5,-122,,,,,,
63,1498556245179,63,'3238353550348101','0000000008060739',,,,-3,-115,,,,,,
31,1498556246263,31,'333234315D358019','0000000008060504',,,,-8.5,-122,,,,,,
31,1498556246424,31,'333234315D358019','00000000080e0022',,,,-10.5,-125,,,,,,
31,1498556246555,31,'333234315D358019','00000000080e00e5',,,,-3.5,-119,,,,,,
31,1498556247061,31,'333234315D358019','0000000008060739',,,,3.2,-114,,,,,,
64,1498556249223,64,'3238353550348101','00000000080e0022',,,,-5.8,-121,,,,,,
32,1498556249320,32,'333234315D358019','0000000008060504',,,,-11.8,-120,,,,,,
32,1498556249408,32,'333234315D358019','7076fffffe01784d',,28,a8zYmZKnQHdRP52gVRWBiA==,-11,-112,0,-11,-101,-113,0,0
64,1498556249437,64,'3238353550348101','00000000080e00e5',,,,-8.8,-122,,,,,,
64,1498556249768,64,'3238353550348101','000000000806070e',,,,-12,-124,,,,,,
64,1498556249835,64,'3238353550348101','0000000008060739',,,,-0.5,-115,,,,,,
32,1498556249862,32,'333234315D358019','0000000008060613',,,,-11.2,-120,,,,,,
33,1498556252406,33,'333234315D358019','0000000008060504',,,,-9.2,-115,,,,,,
65,1498556253225,65,'3238353550348101','00000000080e0022',,,,-9.5,-124,,,,,,
65,1498556253398,65,'3238353550348101','00000000080e00e5',,,,-11.2,-126,,,,,,
65,1498556253668,65,'3238353550348101','0000000008060613',,,,-12.8,-127,,,,,,
65,1498556253908,65,'3238353550348101','0000000008060739',,,,1.5,-113,,,,,,
34,1498556255520,34,'333234315D358019','0000000008060504',,,,-5.5,-114,,,,,,
34,1498556255635,34,'333234315D358019','7076fffffe01784d',,288,BZV7XtjjukFal3jjhDp4MQ==,-7,-110,0,-7,-103,-110,0,0
34,1498556256197,34,'333234315D358019','0000000008060739',,,,-1,-116,,,,,,
66,1498556256272,66,'3238353550348101','7076fffffe01787f',,,,-13,-124,0,-13,-111,,0,0
66,1498556256326,66,'3238353550348101','00000000080e0022',,,,-5.5,-123,,,,,,
66,1498556256420,66,'3238353550348101','00000000080e00e5',,,,-7,-120,,,,,,
66,1498556256694,66,'3238353550348101','00000000080e00a3',,,,-12.5,-126,,,,,,
66,1498556256756,66,'3238353550348101','0000000008060613',,,,-13.5,-127,,,,,,
66,1498556256771,66,'3238353550348101','0000000008060739',,,,0.2,-114,,,,,,
66,1498556256894,66,'3238353550348101','000000000806070e',,,,-10.5,-123,,,,,,
35,1498556258586,35,'333234315D358019','0000000008060504',,,,-1.8,-117,,,,,,
35,1498556258668,35,'333234315D358019','7076fffffe01784d',,110,iSwub9Dq+1Xt8FM4QwnZMg==,-15,-119,0,-15,-104,-119,0,0
35,1498556258683,35,'333234315D358019','00000000080e0022',,,,-10.2,-127,,,,,,
35,1498556258960,35,'333234315D358019','00000000080e00e5',,,,-6.8,-118,,,,,,
35,1498556259194,35,'333234315D358019','0000000008060613',,,,-9,-124,,,,,,
35,1498556259325,35,'333234315D358019','0000000008060739',,,,-3,-115,,,,,,
67,1498556260815,67,'3238353550348101','000000000806042f',,,,-7.8,-122,,,,,,
67,1498556260906,67,'3238353550348101','00000000080e0022',,,,-6.2,-125,,,,,,
67,1498556261005,67,'3238353550348101','7076fffffe017776',,1533,xRPIjo1rRga2q/uKokmrwQ==,-11,-119,0,-11,-108,-119,0,0
67,1498556261056,67,'3238353550348101','00000000080e00e5',,,,-4.5,-117,,,,,,
67,1498556261660,67,'3238353550348101','0000000008060739',,,,-4.2,-119,,,,,,
36,1498556261752,36,'333234315D358019','0000000008060504',,,,-3.5,-117,,,,,,
36,1498556261843,36,'333234315D358019','00000000080e0022',,,,-11,-128,,,,,,
36,1498556261867,36,'333234315D358019','7076fffffe01784d',,,,-14,-119,0,-14,-105,,0,0
36,1498556261966,36,'333234315D358019','7076fffffe01787f',,-2281,0S8OGeXtHNUKG3Gtyr9L+w==,-15,-123,0,-15,-108,-123,0,0
36,1498556261983,36,'333234315D358019','00000000080e00e5',,,,-4,-118,,,,,,
36,1498556262346,36,'333234315D358019','0000000008060739',,,,3.2,-115,,,,,,
68,1498556263832,68,'3238353550348101','000000000806042f',,,,-13,-124,,,,,,
68,1498556263840,68,'3238353550348101','0000000008060504',,,,-12.2,-121,,,,,,
68,1498556263927,68,'3238353550348101','00000000080e0022',,,,-6,-123,,,,,,
68,1498556264073,68,'3238353550348101','00000000080e00e5',,,,-6,-118,,,,,,
68,1498556264533,68,'3238353550348101','000000000806070e',,,,-11.8,-125,,,,,,
68,1498556264641,68,'3238353550348101','0000000008060739',,,,3,-113,,,,,,
37,1498556264940,37,'333234315D358019','0000000008060504',,,,-6.5,-114,,,,,,
37,1498556265055,37,'333234315D358019','7076fffffe01784d',,-292,GRV3fR7PlFZxJYUNf3UNqA==,-14,-111,0,-14,-97,-112,0,0
69,1498556267821,69,'3238353550348101','0000000008060504',,,,-2.2,-112,,,,,,
69,1498556267926,69,'3238353550348101','7076fffffe01784d',,1345,RjAEQMahW3MvtRzQw8P++g==,-13,-115,0,-13,-102,-116,0,0
38,1498556268088,38,'333234315D358019','0000000008060504',,,,-4.8,-113,,,,,,
38,1498556268166,38,'333234315D358019','7076fffffe017776',,277,588xee3ebcIAc9Est9lxcQ==,-14,-120,0,-14,-106,-121,0,0
38,1498556268227,38,'333234315D358019','7076fffffe01784d',,350,uaO1v4HhL5HXmrKgD076Yw==,-8,-111,0,-8,-103,-112,0,0
39,1498556271126,39,'333234315D358019','0000000008060504',,,,-6.2,-117,,,,,,
39,1498556271128,39,'333234315D358019','000000000806042f',,,,-12.5,-124,,,,,,
39,1498556271396,39,'333234315D358019','00000000080e00e5',,,,-6,-115,,,,,,
39,1498556271968,39,'333234315D358019','0000000008060739',,,,1,-111,,,,,,
39,1498556272360,39,'333234315D358019','00000000080e0022',,,,-12.2,-129,,,,,,
70,1498556272573,70,'3238353550348101','0000000008060504',,,,-3.5,-112,,,,,,
70,1498556272618,70,'3238353550348101','00000000080e0022',,,,-7.8,-122,,,,,,
70,1498556272648,70,'3238353550348101','7076fffffe017776',,,,-12,-121,0,-12,-109,,0,0
40,1498556274206,40,'333234315D358019','0000000008060504',,,,-7.5,-116,,,,,,
40,1498556274336,40,'333234315D358019','7076fffffe01784d',,-131,HAI+jULlenUUCNGBPOmtvQ==,-13,-115,0,-13,-102,-116,0,0
40,1498556274802,40,'333234315D358019','0000000008060613',,,,-11,-122,,,,,,
40,1498556274907,40,'333234315D358019','0000000008060739',,,,-1,-114,,,,,,
71,1498556275583,71,'3238353550348101','0000000008060504',,,,-8.8,-117,,,,,,
71,1498556275583,71,'3238353550348101','000000000806042f',,,,-9.8,-124,,,,,,
71,1498556275682,71,'3238353550348101','00000000080e0022',,,,-5.5,-123,,,,,,
71,1498556275731,71,'3238353550348101','7076fffffe017776',,,,-8,-119,0,-8,-111,,0,0
71,1498556275876,71,'3238353550348101','00000000080e00e5',,,,-6.2,-118,,,,,,
71,1498556276140,71,'3238353550348101','0000000008060613',,,,-10.5,-128,,,,,,
71,1498556276207,71,'3238353550348101','000000000806070e',,,,-14,-122,,,,,,
71,1498556276257,71,'3238353550348101','0000000008060739',,,,-0.2,-117,,,,,,
41,1498556277215,41,'333234315D358019','0000000008060504',,,,-10.2,-119,,,,,,
41,1498556277319,41,'333234315D358019','00000000080e0022',,,,-8.8,-127,,,,,,
41,1498556277415,41,'333234315D358019','7076fffffe017776',,575,x0rGIRma4l6rf5g/VdRG1Q==,-13,-121,0,-13,-108,-121,0,0
41,1498556277517,41,'333234315D358019','00000000080e00e5',,,,-3.5,-119,,,,,,
41,1498556278216,41,'333234315D358019','0000000008060739',,,,-5.5,-120,,,,,,
72,1498556278764,72,'3238353550348101','0000000008060504',,,,-9.2,-122,,,,,,
72,1498556279057,72,'3238353550348101','00000000080e0022',,,,-6.5,-124,,,,,,
72,1498556279057,72,'3238353550348101','00000000080e00e5',,,,-9,-123,,,,,,
72,1498556279538,72,'3238353550348101','000000000806070e',,,,-11,-125,,,,,,
72,1498556279729,72,'3238353550348101','0000000008060739',,,,3.2,-113,,,,,,
42,1498556280252,42,'333234315D358019','0000000008060504',,,,-6.5,-114,,,,,,
42,1498556280390,42,'333234315D358019','7076fffffe01784d',,627,2rx+6NvAldlQSBDNJeZ9hg==,-9,-112,0,-9,-103,-113,0,0
42,1498556280424,42,'333234315D358019','7076fffffe017776',,2593,IjFcbl/JLEIlizm7477QVg==,-14,-120,0,-14,-106,-120,0,0
42,1498556280992,42,'333234315D358019','0000000008060739',,,,-8.5,-123,,,,,,
73,1498556282061,73,'3238353550348101','0000000008060504',,,,-10.2,-122,,,,,,
73,1498556282068,73,'3238353550348101','000000000806042f',,,,-12.8,-125,,,,,,
73,1498556282160,73,'3238353550348101','00000000080e0022',,,,-6.2,-121,,,,,,
73,1498556282495,73,'3238353550348101','00000000080e00e5',,,,-8.5,-122,,,,,,
73,1498556282745,73,'3238353550348101','0000000008060613',,,,-12.5,-126,,,,,,
73,1498556282911,73,'3238353550348101','0000000008060739',,,,1.5,-115,,,,,,
73,1498556282978,73,'3238353550348101','000000000806070e',,,,-10.5,-124,,,,,,
43,1498556283261,43,'333234315D358019','000000000806042f',,,,-10.5,-123,,,,,,
43,1498556283265,43,'333234315D358019','0000000008060504',,,,-7.8,-118,,,,,,
43,1498556283720,43,'333234315D358019','00000000080e00e5',,,,-1.8,-118,,,,,,
43,1498556284140,43,'333234315D358019','0000000008060739',,,,4.8,-112,,,,,,
44,1498556286330,44,'333234315D358019','0000000008060504',,,,-12.8,-122,,,,,,
44,1498556286458,44,'333234315D358019','7076fffffe01784d',,-155,5hX0WOMOiUoInDvx6jYx7A==,-13,-115,0,-13,-102,-116,0,0
74,1498556286953,74,'3238353550348101','000000000806042f',,,,-10,-123,,,,,,
74,1498556286957,74,'3238353550348101','0000000008060504',,,,-11.5,-120,,,,,,
74,1498556287059,74,'3238353550348101','00000000080e0022',,,,-9.5,-126,,,,,,
74,1498556287118,74,'3238353550348101','7076fffffe01787f',,-840,eIXKrSBVaD4f+Ts05HhwBA==,-14,-122,0,-14,-108,-122,0,0
74,1498556287123,74,'3238353550348101','7076fffffe017776',,1699,SgkF+F9bLd+OeS2sb4F0VA==,-11,-118,0,-11,-107,-119,0,0
74,1498556287237,74,'3238353550348101','00000000080e00e5',,,,-7,-117,,,,,,
74,1498556287574,74,'3238353550348101','0000000008060739',,,,1,-115,,,,,,
45,1498556289503,45,'333234315D358019','0000000008060504',,,,-4,-112,,,,,,
75,1498556291572,75,'3238353550348101','0000000008060504',,,,-5.8,-114,,,,,,
46,1498556293163,46,'333234315D358019','0000000008060739',,,,-4.2,-116,,,,,,
46,1498556293229,46,'333234315D358019','0000000008060613',,,,-9.8,-121,,,,,,
76,1498556295376,76,'3238353550348101','0000000008060504',,,,-4.5,-112,,,,,,
76,1498556295458,76,'3238353550348101','00000000080e0022',,,,-8.5,-123,,,,,,
47,1498556295598,47,'333234315D358019','0000000008060504',,,,-1.8,-115,,,,,,
47,1498556295700,47,'333234315D358019','00000000080e0022',,,,-9.5,-124,,,,,,
47,1498556296020,47,'333234315D358019','00000000080e00e5',,,,-3,-113,,,,,,
47,1498556296194,47,'333234315D358019','0000000008060613',,,,-8.5,-122,,,,,,
48,1498556298613,48,'333234315D358019','000000000806042f',,,,-13.5,-122,,,,,,
77,1498556298670,77,'3238353550348101','0000000008060504',,,,-10.8,-119,,,,,,
77,1498556298719,77,'3238353550348101','000000000806042f',,,,-10.8,-124,,,,,,
48,1498556298776,48,'333234315D358019','7076fffffe01784d',,-97,DgvJ9uP4jKR3xNodSGOSsA==,-10,-112,0,-10,-102,-114,0,0
77,1498556298794,77,'3238353550348101','7076fffffe017776',,501,FvMy08FbGivYLJ68OxXMNA==,-12,-120,0,-12,-108,-121,0,0
77,1498556298812,77,'3238353550348101','7076fffffe01787f',,-763,flaYKlMh6jTF5RKnK5mTuQ==,-14,-123,0,-14,-109,-123,0,0
77,1498556298979,77,'3238353550348101','00000000080e00e5',,,,-4.8,-119,,,,,,
48,1498556299158,48,'333234315D358019','0000000008060613',,,,-9.8,-121,,,,,,
77,1498556299269,77,'3238353550348101','00000000080e0022',,,,-6,-121,,,,,,
77,1498556299339,77,'3238353550348101','000000000806070e',,,,-13.2,-122,,,,,,
48,1498556299390,48,'333234315D358019','0000000008060739',,,,-1.5,-116,,,,,,
77,1498556299431,77,'3238353550348101','0000000008060739',,,,-2.2,-115,,,,,,
49,1498556301780,49,'333234315D358019','0000000008060504',,,,-9.8,-117,,,,,,
49,1498556301895,49,'333234315D358019','0000000008060739',,,,-7.5,-121,,,,,,
49,1498556302058,49,'333234315D358019','00000000080e00e5',,,,-7.5,-122,,,,,,
49,1498556302405,49,'333234315D358019','00000000080e0022',,,,-6,-123,,,,,,
78,1498556302574,78,'3238353550348101','0000000008060504',,,,-8.8,-121,,,,,,
78,1498556302576,78,'3238353550348101','000000000806042f',,,,-9.2,-123,,,,,,
78,1498556302671,78,'3238353550348101','0000000008060739',,,,1.2,-115,,,,,,
78,1498556302800,78,'3238353550348101','00000000080e00e5',,,,-7.2,-122,,,,,,
78,1498556303155,78,'3238353550348101','00000000080e00a3',,,,-12.2,-125,,,,,,
78,1498556303207,78,'3238353550348101','0000000008060613',,,,-10.2,-125,,,,,,
78,1498556303282,78,'3238353550348101','000000000806070e',,,,-10.2,-124,,,,,,
78,1498556303314,78,'3238353550348101','00000000080e0022',,,,-6,-120,,,,,,
50,1498556305050,50,'333234315D358019','0000000008060739',,,,-3.5,-114,,,,,,
50,1498556305515,50,'333234315D358019','0000000008060613',,,,-11,-125,,,,,,
50,1498556305572,50,'333234315D358019','00000000080e0022',,,,-11.5,-128,,,,,,
79,1498556306744,79,'3238353550348101','000000000806042f',,,,-8.2,-123,,,,,,
79,1498556306744,79,'3238353550348101','0000000008060504',,,,-8.8,-117,,,,,,
79,1498556306829,79,'3238353550348101','0000000008060739',,,,-2.2,-117,,,,,,
79,1498556306949,79,'3238353550348101','7076fffffe017776',,1329,y2sFv4lA2MnuA69qR5hCyA==,-11,-119,0,-11,-108,-120,0,0
79,1498556306976,79,'3238353550348101','00000000080e00e5',,,,-3,-118,,,,,,
79,1498556307295,79,'3238353550348101','00000000080e0022',,,,-5.2,-125,,,,,,
79,1498556307438,79,'3238353550348101','000000000806070e',,,,-12.5,-123,,,,,,
51,1498556307927,51,'333234315D358019','0000000008060504',,,,0.2,-113,,,,,,
51,1498556308027,51,'333234315D358019','7076fffffe01784d',,-570,Td6mhJYnUSSxQOOYp1ZanA==,-13,-117,0,-13,-104,-118,0,0
51,1498556308117,51,'333234315D358019','00000000080e00e5',,,,-4.8,-119,,,,,,
51,1498556308467,51,'333234315D358019','0000000008060613',,,,-9,-123,,,,,,
51,1498556308589,51,'333234315D358019','00000000080e0022',,,,-7.8,-123,,,,,,
52,1498556311041,52,'333234315D358019','0000000008060504',,,,-6.2,-115,,,,,,
52,1498556311147,52,'333234315D358019','7076fffffe01784d',,-88,aQxZoM9At63954P4yve5yA==,-10,-112,0,-10,-102,-113,0,0
52,1498556311191,52,'333234315D358019','0000000008060739',,,,-4.5,-112,,,,,,
80,1498556311527,80,'3238353550348101','0000000008060504',,,,-4.2,-110,,,,,,
80,1498556311593,80,'3238353550348101','7076fffffe017776',,,,-13,-120,0,-13,-107,,0,0
52,1498556311604,52,'333234315D358019','0000000008060613',,,,-11.5,-122,,,,,,
80,1498556312131,80,'3238353550348101','00000000080e0022',,,,-7,-122,,,,,,
53,1498556314065,53,'333234315D358019','0000000008060504',,,,-4,-110,,,,,,
81,1498556315335,81,'3238353550348101','0000000008060504',,,,-8.5,-122,,,,,,
81,1498556315470,81,'3238353550348101','7076fffffe017776',,,,-12,-122,0,-12,-110,,0,0
81,1498556315474,81,'3238353550348101','7076fffffe01784d',,563,KBvdGR7/JtG6hNC34ha7vA==,-15,-120,0,-15,-105,-121,0,0
81,1498556315492,81,'3238353550348101','0000000008060739',,,,-2.2,-119,,,,,,
81,1498556315943,81,'3238353550348101','0000000008060613',,,,-12.8,-128,,,,,,
81,1498556315947,81,'3238353550348101','00000000080e00a3',,,,-12.2,-127,,,,,,
81,1498556316001,81,'3238353550348101','00000000080e0022',,,,-8.2,-122,,,,,,
81,1498556316073,81,'3238353550348101','000000000806070e',,,,-10,-122,,,,,,
54,1498556317321,54,'333234315D358019','0000000008060739',,,,-4.2,-114,,,,,,
54,1498556317534,54,'333234315D358019','00000000080e00e5',,,,-7.8,-121,,,,,,
82,1498556319964,82,'3238353550348101','0000000008060504',,,,-10.2,-123,,,,,,
82,1498556319967,82,'3238353550348101','000000000806042f',,,,-9.5,-122,,,,,,
82,1498556320070,82,'3238353550348101','0000000008060739',,,,-5.2,-123,,,,,,
82,1498556320220,82,'3238353550348101','00000000080e00e5',,,,-5.8,-121,,,,,,
55,1498556320221,55,'333234315D358019','000000000806042f',,,,-12,-126,,,,,,
55,1498556320237,55,'333234315D358019','0000000008060504',,,,-7.2,-120,,,,,,
55,1498556320332,55,'333234315D358019','0000000008060739',,,,0.5,-114,,,,,,
55,1498556320458,55,'333234315D358019','00000000080e00e5',,,,-6.5,-120,,,,,,
82,1498556320508,82,'3238353550348101','00000000080e0022',,,,-7.2,-124,,,,,,
82,1498556320592,82,'3238353550348101','000000000806070e',,,,-9.5,-123,,,,,,
55,1498556320818,55,'333234315D358019','0000000008060613',,,,-8.2,-125,,,,,,
82,1498556320869,82,'3238353550348101','00000000080e00a3',,,,-12.8,-128,,,,,,
56,1498556323320,56,'333234315D358019','000000000806042f',,,,-12.5,-123,,,,,,
56,1498556323321,56,'333234315D358019','0000000008060504',,,,1,-111,,,,,,
56,1498556323431,56,'333234315D358019','0000000008060739',,,,5.2,-112,,,,,,
56,1498556323446,56,'333234315D358019','7076fffffe01784d',,-219,7Gp9QgIWorDoJVXgMpQwQQ==,-15,-120,0,-15,-105,-121,0,0
56,1498556323535,56,'333234315D358019','00000000080e00e5',,,,-6.2,-121,,,,,,
83,1498556323558,83,'3238353550348101','0000000008060504',,,,-12.5,-124,,,,,,
83,1498556323571,83,'3238353550348101','000000000806042f',,,,-10.2,-123,,,,,,
83,1498556323649,83,'3238353550348101','0000000008060739',,,,-5.2,-120,,,,,,
83,1498556323877,83,'3238353550348101','00000000080e00e5',,,,-6.2,-119,,,,,,
56,1498556323886,56,'333234315D358019','0000000008060613',,,,-6.5,-124,,,,,,
56,1498556324183,56,'333234315D358019','00000000080e0022',,,,-9.5,-126,,,,,,
83,1498556324199,83,'3238353550348101','00000000080e0022',,,,-6.2,-122,,,,,,
83,1498556324207,83,'3238353550348101','00000000080e00a3',,,,-12.5,-126,,,,,,
83,1498556324210,83,'3238353550348101','000000000806070e',,,,-9.8,-123,,,,,,
57,1498556326470,57,'333234315D358019','0000000008060504',,,,-3.8,-112,,,,,,
84,1498556327643,84,'3238353550348101','000000000806042f',,,,-12,-125,,,,,,
84,1498556327644,84,'3238353550348101','0000000008060504',,,,-9.5,-119,,,,,,
84,1498556327767,84,'3238353550348101','7076fffffe017776',,-540,nx5LgrHjpeoOC73XU0mMhg==,-13,-121,0,-13,-108,-122,0,0
84,1498556327801,84,'3238353550348101','7076fffffe01784d',,307,AS7VPWiOi25k/Xjc6mUyIw==,-11,-116,0,-11,-105,-117,0,0
84,1498556327822,84,'3238353550348101','00000000080e0022',,,,-8.8,-124,,,,,,
84,1498556327918,84,'3238353550348101','00000000080e00e5',,,,-7.8,-123,,,,,,
84,1498556328264,84,'3238353550348101','0000000008060613',,,,-12.5,-129,,,,,,
84,1498556328516,84,'3238353550348101','000000000806070e',,,,-11,-124,,,,,,
58,1498556329701,58,'333234315D358019','00000000080e0022',,,,-10.8,-128,,,,,,
58,1498556329751,58,'333234315D358019','0000000008060739',,,,-4.5,-116,,,,,,
58,1498556330414,58,'333234315D358019','0000000008060613',,,,-10.8,-124,,,,,,
85,1498556331731,85,'3238353550348101','0000000008060504',,,,-12.2,-120,,,,,,
85,1498556331731,85,'3238353550348101','000000000806042f',,,,-10,-123,,,,,,
85,1498556331821,85,'3238353550348101','00000000080e0022',,,,-6,-125,,,,,,
85,1498556331829,85,'3238353550348101','0000000008060739',,,,-0.2,-112,,,,,,
85,1498556331857,85,'3238353550348101','7076fffffe01787f',,-1267,tU9ZySNovF+rrAr7NQckLw==,-14,-123,0,-14,-109,-123,0,0
85,1498556331884,85,'3238353550348101','7076fffffe017776',,761,xJ68ipDk1lOsibyDngUcBg==,-12,-120,0,-12,-108,-121,0,0
85,1498556332036,85,'3238353550348101','00000000080e00e5',,,,-4.8,-118,,,,,,
59,1498556332760,59,'333234315D358019','0000000008060504',,,,-5.2,-117,,,,,,
59,1498556332851,59,'333234315D358019','0000000008060739',,,,5,-112,,,,,,
59,1498556332949,59,'333234315D358019','7076fffffe01784d',,-649,oAIC09U/ZH0ozAMcoeamvw==,-15,-117,0,-15,-102,-117,0,0
59,1498556332998,59,'333234315D358019','00000000080e00e5',,,,-5.2,-120,,,,,,
60,1498556335799,60,'333234315D358019','0000000008060504',,,,-5.8,-112,,,,,,
86,1498556335817,86,'3238353550348101','000000000806042f',,,,-8,-121,,,,,,
86,1498556335892,86,'3238353550348101','0000000008060504',,,,-10.8,-119,,,,,,
86,1498556335921,86,'3238353550348101','00000000080e0022',,,,-5.2,-124,,,,,,
86,1498556335953,86,'3238353550348101','7076fffffe01787f',,-1307,yODkWXvFlAgj7tW/esWF6Q==,-13,-121,0,-13,-108,-123,0,0
86,1498556335954,86,'3238353550348101','7076fffffe017776',,-134,+Nxw4l/Pa9TJ3y+9WdE05g==,-12,-120,0,-12,-108,-121,0,0
60,1498556336358,60,'333234315D358019','0000000008060613',,,,-11.2,-122,,,,,,
86,1498556336393,86,'3238353550348101','00000000080e00e5',,,,-3.8,-118,,,,,,
60,1498556336450,60,'333234315D358019','0000000008060739',,,,-6.2,-115,,,,,,
86,1498556336493,86,'3238353550348101','0000000008060739',,,,-1.5,-114,,,,,,
61,1498556338866,61,'333234315D358019','0000000008060504',,,,-5.2,-113,,,,,,
87,1498556340479,87,'3238353550348101','000000000806042f',,,,-10,-123,,,,,,
87,1498556340582,87,'3238353550348101','00000000080e0022',,,,-9.5,-126,,,,,,
87,1498556340632,87,'3238353550348101','0000000008060739',,,,1.2,-113,,,,,,
87,1498556340738,87,'3238353550348101','00000000080e00e5',,,,-6,-121,,,,,,
87,1498556341135,87,'3238353550348101','00000000080e00a3',,,,-13,-127,,,,,,
87,1498556341234,87,'3238353550348101','000000000806070e',,,,-10,-123,,,,,,
62,1498556342034,62,'333234315D358019','7076fffffe017776',,211,WHXVEam/6btqFF22eSGz2A==,-14,-121,0,-14,-107,-122,0,0
62,1498556342051,62,'333234315D358019','0000000008060739',,,,-3.2,-115,,,,,,
62,1498556342061,62,'333234315D358019','00000000080e0022',,,,-11,-126,,,,,,
62,1498556342218,62,'333234315D358019','00000000080e00e5',,,,-7.2,-119,,,,,,
62,1498556342692,62,'333234315D358019','0000000008060613',,,,-8,-112,,,,,,
88,1498556343636,88,'3238353550348101','0000000008060504',,,,-2,-111,,,,,,
88,1498556343737,88,'3238353550348101','0000000008060739',,,,-9.5,-118,,,,,,
88,1498556343742,88,'3238353550348101','00000000080e0022',,,,-7.5,-123,,,,,,
63,1498556344975,63,'333234315D358019','000000000806042f',,,,-9.2,-124,,,,,,
63,1498556344978,63,'333234315D358019','0000000008060504',,,,-3.5,-117,,,,,,
63,1498556345072,63,'333234315D358019','0000000008060739',,,,3.5,-109,,,,,,
63,1498556345124,63,'333234315D358019','7076fffffe01784d',,9,3dDTetRs00cCR2e96xoc/A==,-12,-113,0,-12,-101,-114,0,0
63,1498556345218,63,'333234315D358019','00000000080e00e5',,,,-3.5,-118,,,,,,
63,1498556345531,63,'333234315D358019','0000000008060613',,,,-13.8,-128,,,,,,
89,1498556347175,89,'3238353550348101','000000000806042f',,,,-8.5,-122,,,,,,
89,1498556347184,89,'3238353550348101','0000000008060504',,,,-8.5,-118,,,,,,
89,1498556347273,89,'3238353550348101','0000000008060739',,,,-1,-112,,,,,,
89,1498556347283,89,'3238353550348101','00000000080e0022',,,,-8,-125,,,,,,
89,1498556347318,89,'3238353550348101','7076fffffe017776',,575,X5bA1rPkENP3EIDMV/qW4g==,-12,-120,0,-12,-108,-120,0,0
89,1498556347441,89,'3238353550348101','00000000080e00e5',,,,-3.5,-118,,,,,,
64,1498556348055,64,'333234315D358019','0000000008060504',,,,-8,-116,,,,,,
64,1498556348148,64,'333234315D358019','7076fffffe01784d',,654,eUskiLdF7gNFYhUdbH4EQA==,-11,-114,0,-11,-103,-115,0,0
64,1498556348603,64,'333234315D358019','0000000008060613',,,,-11.2,-120,,,,,,
65,1498556351119,65,'333234315D358019','0000000008060504',,,,-7,-115,,,,,,
65,1498556351266,65,'333234315D358019','7076fffffe01784d',,678,AP147yXsRRfHT/BxPiZKTQ==,-11,-112,0,-11,-101,-113,0,0
90,1498556351713,90,'3238353550348101','0000000008060739',,,,0.5,-117,,,,,,
90,1498556351938,90,'3238353550348101','00000000080e00e5',,,,-11.5,-125,,,,,,
90,1498556352185,90,'3238353550348101','00000000080e00a3',,,,-11.8,-127,,,,,,
90,1498556352270,90,'3238353550348101','000000000806070e',,,,-11.2,-124,,,,,,
66,1498556354238,66,'333234315D358019','0000000008060504',,,,-2.5,-111,,,,,,
66,1498556354330,66,'333234315D358019','0000000008060739',,,,-4.5,-116,,,,,,
66,1498556354368,66,'333234315D358019','7076fffffe01784d',,-885,sM2IBx9zD5LrbAIxrn26EA==,-10,-112,0,-10,-102,-113,0,0
66,1498556354383,66,'333234315D358019','7076fffffe017776',,668,apst10A+nPqCEJ/KaG7vRw==,-11,-116,0,-11,-105,-117,0,0
66,1498556354786,66,'333234315D358019','0000000008060613',,,,-11.2,-122,,,,,,
91,1498556355331,91,'3238353550348101','0000000008060504',,,,0.2,-110,,,,,,
91,1498556355441,91,'3238353550348101','00000000080e0022',,,,-8.8,-122,,,,,,
67,1498556357305,67,'333234315D358019','0000000008060504',,,,0.2,-111,,,,,,
67,1498556357453,67,'333234315D358019','0000000008060739',,,,-0.2,-116,,,,,,
67,1498556357464,67,'333234315D358019','00000000080e0022',,,,-9,-126,,,,,,
67,1498556357639,67,'333234315D358019','00000000080e00e5',,,,-9,-119,,,,,,
67,1498556357986,67,'333234315D358019','0000000008060613',,,,-9.2,-121,,,,,,
92,1498556358661,92,'3238353550348101','0000000008060504',,,,-2.5,-111,,,,,,
92,1498556358759,92,'3238353550348101','0000000008060739',,,,-7,-121,,,,,,
92,1498556358781,92,'3238353550348101','00000000080e0022',,,,-4.8,-121,,,,,,
92,1498556358781,92,'3238353550348101','7076fffffe017776',,,,-11,-118,0,-11,-107,,0,0
68,1498556360308,68,'333234315D358019','0000000008060504',,,,-7,-114,,,,,,
68,1498556360412,68,'333234315D358019','0000000008060739',,,,-7.5,-115,,,,,,
68,1498556360448,68,'333234315D358019','7076fffffe01784d',,-2192,rCBy3BWwnIGaFzrrSEbVtg==,-14,-115,0,-14,-101,-116,0,0
68,1498556360855,68,'333234315D358019','0000000008060613',,,,-8.8,-120,,,,,,
93,1498556363097,93,'3238353550348101','0000000008060504',,,,-5.2,-114,,,,,,
69,1498556363412,69,'333234315D358019','0000000008060504',,,,-5.8,-113,,,,,,
94,1498556366136,94,'3238353550348101','0000000008060504',,,,-3.8,-112,,,,,,
94,1498556366244,94,'3238353550348101','00000000080e0022',,,,-10.2,-123,,,,,,
70,1498556366441,70,'333234315D358019','0000000008060504',,,,-4.2,-113,,,,,,
70,1498556366531,70,'333234315D358019','0000000008060739',,,,-1.2,-117,,,,,,
70,1498556366589,70,'333234315D358019','7076fffffe01784d',,-212,vMHVyiRxXLVPMUjaM0kG9A==,-13,-114,0,-13,-101,-114,0,0
70,1498556367001,70,'333234315D358019','0000000008060613',,,,-11.5,-122,,,,,,
95,1498556369399,95,'3238353550348101','0000000008060504',,,,-9.2,-121,,,,,,
95,1498556369400,95,'3238353550348101','000000000806042f',,,,-11,-123,,,,,,
71,1498556369497,71,'333234315D358019','000000000806042f',,,,-11.8,-126,,,,,,
95,1498556369501,95,'3238353550348101','00000000080e0022',,,,-7.8,-125,,,,,,
71,1498556369503,71,'333234315D358019','0000000008060504',,,,-7.8,-119,,,,,,
95,1498556369537,95,'3238353550348101','00000000080e00e5',,,,-10.2,-125,,,,,,
71,1498556369556,71,'333234315D358019','7076fffffe01784d',,-131,Lw7R7C8jQV8RwPFKuhu/LQ==,-12,-113,0,-12,-101,-114,0,0
71,1498556369656,71,'333234315D358019','00000000080e00e5',,,,-3,-117,,,,,,
95,1498556369811,95,'3238353550348101','0000000008060739',,,,3.8,-112,,,,,,
71,1498556369812,71,'333234315D358019','0000000008060739',,,,2.5,-112,,,,,,
95,1498556369958,95,'3238353550348101','00000000080e00a3',,,,-13,-127,,,,,,
95,1498556370051,95,'3238353550348101','000000000806070e',,,,-10.2,-124,,,,,,
71,1498556370145,71,'333234315D358019','0000000008060613',,,,-12,-129,,,,,,
72,1498556372487,72,'333234315D358019','0000000008060504',,,,-6.8,-113,,,,,,
72,1498556372586,72,'333234315D358019','00000000080e0022',,,,-12.2,-127,,,,,,
72,1498556373103,72,'333234315D358019','0000000008060739',,,,-8,-117,,,,,,
96,1498556373321,96,'3238353550348101','00000000080e0022',,,,-8.5,-126,,,,,,
96,1498556373354,96,'3238353550348101','7076fffffe01784d',,-519,gawrCEvznhG4Oay74wsM3Q==,-13,-116,0,-13,-103,-116,0,0
96,1498556373540,96,'3238353550348101','00000000080e00e5',,,,-8.5,-122,,,,,,
96,1498556374058,96,'3238353550348101','000000000806070e',,,,-9.2,-123,,,,,,
96,1498556374085,96,'3238353550348101','0000000008060739',,,,-3.8,-120,,,,,,
73,1498556375559,73,'333234315D358019','0000000008060504',,,,-4.8,-113,,,,,,
73,1498556375687,73,'333234315D358019','7076fffffe01784d',,-675,iNXZhev5y1YNoSJau65ZlA==,-15,-113,0,-15,-98,-114,0,0
97,1498556377920,97,'3238353550348101','0000000008060504',,,,-11.2,-123,,,,,,
97,1498556378046,97,'3238353550348101','7076fffffe01784d',,,,-12,-120,0,-12,-108,,0,0
97,1498556378073,97,'3238353550348101','7076fffffe017776',,-474,WJwOn1Tna7FkSbniBM6+sw==,-14,-122,0,-14,-108,-123,0,0
97,1498556378163,97,'3238353550348101','00000000080e0022',,,,-6,-121,,,,,,
97,1498556378220,97,'3238353550348101','00000000080e00e5',,,,-8.8,-124,,,,,,
74,1498556378725,74,'333234315D358019','0000000008060504',,,,-11.5,-120,,,,,,
97,1498556378731,97,'3238353550348101','000000000806070e',,,,-10.2,-122,,,,,,
97,1498556378749,97,'3238353550348101','0000000008060739',,,,-4.5,-120,,,,,,
74,1498556378820,74,'333234315D358019','7076fffffe01787f',,,,-14,-120,0,-14,-106,,0,0
74,1498556378822,74,'333234315D358019','00000000080e0022',,,,-9.8,-127,,,,,,
74,1498556378860,74,'333234315D358019','7076fffffe017776',,96,+wrfTSUfw2Y9WviNQJgg/A==,-15,-121,0,-15,-106,-121,0,0
74,1498556379298,74,'333234315D358019','0000000008060613',,,,-8.5,-122,,,,,,
74,1498556379463,74,'333234315D358019','0000000008060739',,,,-7.5,-116,,,,,,
75,1498556381753,75,'333234315D358019','000000000806042f',,,,-11.5,-125,,,,,,
75,1498556381757,75,'333234315D358019','0000000008060504',,,,-3.2,-117,,,,,,
75,1498556381828,75,'333234315D358019','7076fffffe01784d',,,,-11,-116,0,-11,-105,,0,0
75,1498556382036,75,'333234315D358019','00000000080e00e5',,,,-3.5,-119,,,,,,
75,1498556382298,75,'333234315D358019','0000000008060613',,,,-11.8,-129,,,,,,
75,1498556382340,75,'333234315D358019','0000000008060739',,,,1,-116,,,,,,
98,1498556382666,98,'3238353550348101','0000000008060504',,,,-2.8,-110,,,,,,
98,1498556382670,98,'3238353550348101','000000000806042f',,,,-12.8,-122,,,,,,
98,1498556382761,98,'3238353550348101','00000000080e0022',,,,-8,-123,,,,,,
98,1498556382812,98,'3238353550348101','7076fffffe017776',,-2423,7CkFz0iCAU66kDsri88ODg==,-13,-119,0,-13,-106,-120,0,0
98,1498556383301,98,'3238353550348101','0000000008060739',,,,-7,-121,,,,,,
76,1498556384811,76,'333234315D358019','0000000008060504',,,,null,-111,,,,,,
76,1498556384921,76,'333234315D358019','00000000080e0022',,,,-10.2,-125,,,,,,
76,1498556384947,76,'333234315D358019','7076fffffe01784d',,,,-13,-119,0,-13,-106,,0,0
76,1498556385098,76,'333234315D358019','00000000080e00e5',,,,-5.5,-120,,,,,,
76,1498556385415,76,'333234315D358019','0000000008060613',,,,-11.2,-125,,,,,,
76,1498556385698,76,'333234315D358019','0000000008060739',,,,2.5,-113,,,,,,
99,1498556386182,99,'3238353550348101','0000000008060504',,,,-12.2,-124,,,,,,
99,1498556386189,99,'3238353550348101','000000000806042f',,,,-10.5,-122,,,,,,
99,1498556386283,99,'3238353550348101','00000000080e0022',,,,-8.8,-124,,,,,,
99,1498556386305,99,'3238353550348101','7076fffffe017776',,-1803,j22ZLwcZS/EV2cJ6/bqBgQ==,-15,-123,0,-15,-108,-124,0,0
99,1498556386457,99,'3238353550348101','00000000080e00e5',,,,-8.8,-124,,,,,,
99,1498556386861,99,'3238353550348101','000000000806070e',,,,-11,-124,,,,,,
99,1498556386924,99,'3238353550348101','0000000008060739',,,,-1.2,-118,,,,,,
77,1498556387829,77,'333234315D358019','0000000008060504',,,,-10.5,-118,,,,,,
77,1498556387917,77,'333234315D358019','7076fffffe01784d',,217,Kla7GcFTdAX/reIsxhsyUQ==,-14,-117,0,-14,-103,-117,0,0
77,1498556387922,77,'333234315D358019','00000000080e0022',,,,-6.8,-125,,,,,,
77,1498556388078,77,'333234315D358019','00000000080e00e5',,,,-5.8,-120,,,,,,
100,1498556390640,100,'3238353550348101','000000000806042f',,,,-11,-120,,,,,,
100,1498556390641,100,'3238353550348101','0000000008060504',,,,-2.5,-112,,,,,,
100,1498556390741,100,'3238353550348101','00000000080e0022',,,,-7.8,-121,,,,,,
100,1498556390826,100,'3238353550348101','7076fffffe017776',,-1031,89i4YBBPnuT+RmMoje7LGQ==,-12,-118,0,-12,-106,-119,0,0
78,1498556391020,78,'333234315D358019','0000000008060504',,,,-3,-110,,,,,,
78,1498556391156,78,'333234315D358019','7076fffffe017776',,155,faABw+LFgGfasgMRIxUpnQ==,-15,-118,0,-15,-103,-118,0,0
78,1498556391166,78,'333234315D358019','7076fffffe01784d',,693,XVACob3H24+ar/k4lomH7w==,-10,-113,0,-10,-103,-113,0,0
78,1498556391577,78,'333234315D358019','0000000008060613',,,,-9.8,-121,,,,,,
100,1498556391730,100,'3238353550348101','0000000008060739',,,,-3,-113,,,,,,
78,1498556391790,78,'333234315D358019','0000000008060739',,,,-3,-118,,,,,,
79,1498556394159,79,'333234315D358019','0000000008060504',,,,1,-113,,,,,,
79,1498556394160,79,'333234315D358019','000000000806042f',,,,-14,-125,,,,,,
101,1498556394286,101,'3238353550348101','0000000008060504',,,,-3,-111,,,,,,
79,1498556394319,79,'333234315D358019','00000000080e0022',,,,-6.5,-124,,,,,,
79,1498556394345,79,'333234315D358019','0000000008060739',,,,-6,-119,,,,,,
101,1498556394363,101,'3238353550348101','00000000080e0022',,,,-7.5,-119,,,,,,
101,1498556394389,101,'3238353550348101','0000000008060739',,,,-3.8,-114,,,,,,
79,1498556394396,79,'333234315D358019','00000000080e00e5',,,,-12.5,-119,,,,,,
79,1498556394754,79,'333234315D358019','0000000008060613',,,,-6.2,-120,,,,,,
80,1498556397185,80,'333234315D358019','0000000008060504',,,,-6.8,-115,,,,,,
80,1498556397286,80,'333234315D358019','0000000008060739',,,,1,-113,,,,,,
102,1498556397306,102,'3238353550348101','000000000806042f',,,,-9.5,-124,,,,,,
102,1498556397307,102,'3238353550348101','0000000008060504',,,,-10.8,-119,,,,,,
102,1498556397392,102,'3238353550348101','7076fffffe017776',,123,7XngpiYRnPTH3TBHyfHWpA==,-13,-121,0,-13,-108,-122,0,0
102,1498556397400,102,'3238353550348101','00000000080e0022',,,,-7.5,-126,,,,,,
102,1498556397410,102,'3238353550348101','0000000008060739',,,,1.2,-111,,,,,,
102,1498556397575,102,'3238353550348101','00000000080e00e5',,,,-4.5,-119,,,,,,
80,1498556397724,80,'333234315D358019','0000000008060613',,,,-10,-121,,,,,,
81,1498556400228,81,'333234315D358019','0000000008060504',,,,-5.8,-114,,,,,,
81,1498556400347,81,'333234315D358019','7076fffffe01784d',,111,upG8KJEGcaTWF7LKNAuoPA==,-15,-112,0,-15,-97,-112,0,0
103,1498556402145,103,'3238353550348101','0000000008060504',,,,-2.5,-111,,,,,,
103,1498556402294,103,'3238353550348101','00000000080e0022',,,,-9,-120,,,,,,
103,1498556402296,103,'3238353550348101','0000000008060739',,,,-5.2,-118,,,,,,
82,1498556403344,82,'333234315D358019','00000000080e0022',,,,-9.2,-124,,,,,,
82,1498556403371,82,'333234315D358019','0000000008060739',,,,-1,-112,,,,,,
82,1498556403396,82,'333234315D358019','7076fffffe01784d',,-1134,P8EgYaP3S+mVV4tpAZPmyw==,-14,-116,0,-14,-102,-117,0,0
82,1498556403517,82,'333234315D358019','00000000080e00e5',,,,-7.5,-122,,,,,,
82,1498556403796,82,'333234315D358019','0000000008060613',,,,-9.8,-124,,,,,,
104,1498556405218,104,'3238353550348101','0000000008060504',,,,-2,-112,,,,,,
104,1498556405343,104,'3238353550348101','0000000008060739',,,,-4.8,-117,,,,,,
104,1498556405345,104,'3238353550348101','00000000080e0022',,,,-5.2,-118,,,,,,
83,1498556406322,83,'333234315D358019','0000000008060504',,,,-3.5,-116,,,,,,
83,1498556406322,83,'333234315D358019','000000000806042f',,,,-10,-123,,,,,,
83,1498556406421,83,'333234315D358019','00000000080e0022',,,,-8,-127,,,,,,
83,1498556406428,83,'333234315D358019','7076fffffe01784d',,-176,viDrZ9Q7bBPcAGw5MsPPOQ==,-13,-116,0,-13,-103,-117,0,0
83,1498556406428,83,'333234315D358019','0000000008060739',,,,1,-113,,,,,,
83,1498556406562,83,'333234315D358019','00000000080e00e5',,,,-3.5,-119,,,,,,
84,1498556409409,84,'333234315D358019','0000000008060504',,,,-1,-111,,,,,,
84,1498556409502,84,'333234315D358019','00000000080e0022',,,,-6.5,-124,,,,,,
84,1498556409509,84,'333234315D358019','0000000008060739',,,,5,-110,,,,,,
84,1498556409547,84,'333234315D358019','7076fffffe01784d',,-152,qVRPHipEqJajT0UWl3gxBQ==,-13,-119,0,-13,-106,-120,0,0
84,1498556409699,84,'333234315D358019','00000000080e00e5',,,,-7.2,-122,,,,,,
84,1498556410019,84,'333234315D358019','0000000008060613',,,,-12.8,-116,,,,,,
105,1498556410195,105,'3238353550348101','000000000806042f',,,,-10,-124,,,,,,
105,1498556410203,105,'3238353550348101','0000000008060504',,,,-6.8,-119,,,,,,
105,1498556410300,105,'3238353550348101','00000000080e0022',,,,-6.5,-122,,,,,,
105,1498556410438,105,'3238353550348101','00000000080e00e5',,,,-9.8,-124,,,,,,
105,1498556410448,105,'3238353550348101','0000000008060739',,,,1.5,-115,,,,,,
105,1498556410900,105,'3238353550348101','000000000806070e',,,,-11.2,-123,,,,,,
105,1498556410983,105,'3238353550348101','00000000080e00a3',,,,-13,-128,,,,,,
85,1498556412533,85,'333234315D358019','0000000008060504',,,,-5.8,-113,,,,,,
106,1498556414493,106,'3238353550348101','000000000806042f',,,,-11.2,-124,,,,,,
106,1498556414495,106,'3238353550348101','0000000008060504',,,,-9.8,-122,,,,,,
106,1498556414591,106,'3238353550348101','00000000080e0022',,,,-5.8,-121,,,,,,
106,1498556414607,106,'3238353550348101','0000000008060739',,,,-3,-118,,,,,,
106,1498556414778,106,'3238353550348101','00000000080e00e5',,,,-8.5,-124,,,,,,
106,1498556415173,106,'3238353550348101','000000000806070e',,,,-13,-126,,,,,,
86,1498556415556,86,'333234315D358019','0000000008060504',,,,-6.5,-114,,,,,,
86,1498556415641,86,'333234315D358019','7076fffffe017776',,175,10LGPvbVV8m0AGBU8IrTyA==,-14,-118,0,-14,-104,-119,0,0
86,1498556415648,86,'333234315D358019','0000000008060739',,,,-5.8,-118,,,,,,
86,1498556415725,86,'333234315D358019','7076fffffe01784d',,94,cRNSaBtXHM87VYXRFCpRhg==,-9,-112,0,-9,-103,-113,0,0
86,1498556416178,86,'333234315D358019','0000000008060613',,,,-12.2,-124,,,,,,
87,1498556418610,87,'333234315D358019','0000000008060504',,,,-5,-116,,,,,,
87,1498556418713,87,'333234315D358019','0000000008060739',,,,null,-118,,,,,,
87,1498556418734,87,'333234315D358019','7076fffffe01784d',,-954,u9gy6UAqwh68eAPSln0s5w==,-12,-114,0,-12,-102,-115,0,0
87,1498556418900,87,'333234315D358019','00000000080e00e5',,,,-6.2,-121,,,,,,
107,1498556418960,107,'3238353550348101','0000000008060504',,,,-7.8,-117,,,,,,
107,1498556418960,107,'3238353550348101','000000000806042f',,,,-8.8,-122,,,,,,
107,1498556419047,107,'3238353550348101','0000000008060739',,,,0.2,-117,,,,,,
107,1498556419066,107,'3238353550348101','00000000080e0022',,,,-6,-123,,,,,,
107,1498556419331,107,'3238353550348101','00000000080e00e5',,,,-6,-121,,,,,,
107,1498556419559,107,'3238353550348101','0000000008060613',,,,-8.5,-124,,,,,,
107,1498556419630,107,'3238353550348101','000000000806070e',,,,-10.2,-124,,,,,,
88,1498556421682,88,'333234315D358019','0000000008060504',,,,-8.2,-116,,,,,,
88,1498556421775,88,'333234315D358019','7076fffffe01784d',,,,-12,-118,0,-12,-106,,0,0
108,1498556423849,108,'3238353550348101','0000000008060504',,,,-4,-113,,,,,,
108,1498556423901,108,'3238353550348101','00000000080e0022',,,,-8.2,-120,,,,,,
108,1498556423957,108,'3238353550348101','7076fffffe01787f',,,,-13,-119,0,-13,-106,,0,0
89,1498556424873,89,'333234315D358019','0000000008060504',,,,-6.5,-115,,,,,,
89,1498556424963,89,'333234315D358019','00000000080e0022',,,,-8.2,-125,,,,,,
89,1498556425158,89,'333234315D358019','00000000080e00e5',,,,-6.8,-121,,,,,,
109,1498556427115,109,'3238353550348101','000000000806042f',,,,-8.5,-124,,,,,,
109,1498556427201,109,'3238353550348101','7076fffffe01787f',,-1119,XyHygoC9ixMdl7PsEZQ9oQ==,-13,-121,0,-13,-108,-122,0,0
109,1498556427202,109,'3238353550348101','00000000080e0022',,,,-5.8,-122,,,,,,
109,1498556427206,109,'3238353550348101','0000000008060739',,,,-0.2,-116,,,,,,
109,1498556427322,109,'3238353550348101','7076fffffe017776',,,,-10,-121,0,-10,-111,,0,0
109,1498556427359,109,'3238353550348101','00000000080e00e5',,,,-6.5,-121,,,,,,
90,1498556427958,90,'333234315D358019','0000000008060504',,,,-10.5,-119,,,,,,
109,1498556428000,109,'3238353550348101','000000000806070e',,,,-12.8,-122,,,,,,
90,1498556428045,90,'333234315D358019','00000000080e0022',,,,-9.5,-126,,,,,,
90,1498556428046,90,'333234315D358019','0000000008060739',,,,-2.2,-113,,,,,,
90,1498556428091,90,'333234315D358019','7076fffffe01784d',,-23,MBEJ4O+0kzQy7ksG1UBT7Q==,-12,-114,0,-12,-102,-115,0,0
91,1498556431107,91,'333234315D358019','000000000806042f',,,,-10.5,-124,,,,,,
91,1498556431111,91,'333234315D358019','0000000008060504',,,,-4.5,-114,,,,,,
91,1498556431226,91,'333234315D358019','0000000008060739',,,,-3.8,-120,,,,,,
91,1498556431440,91,'333234315D358019','00000000080e00e5',,,,-4,-114,,,,,,
110,1498556431818,110,'3238353550348101','000000000806042f',,,,-7.2,-122,,,,,,
110,1498556431917,110,'3238353550348101','7076fffffe01787f',,-1651,bWPPKLgax0LCwb3gkkswtw==,-13,-121,0,-13,-108,-122,0,0
110,1498556431923,110,'3238353550348101','00000000080e0022',,,,-6.2,-125,,,,,,
110,1498556431956,110,'3238353550348101','7076fffffe017776',,,,-12,-119,0,-12,-107,,0,0
110,1498556432097,110,'3238353550348101','00000000080e00e5',,,,-5.2,-120,,,,,,
110,1498556433038,110,'3238353550348101','0000000008060739',,,,0.8,-113,,,,,,
92,1498556434181,92,'333234315D358019','0000000008060504',,,,-2.5,-115,,,,,,
92,1498556434263,92,'333234315D358019','00000000080e0022',,,,-8,-122,,,,,,
92,1498556434476,92,'333234315D358019','00000000080e00e5',,,,-4.2,-118,,,,,,
92,1498556434965,92,'333234315D358019','0000000008060739',,,,4,-114,,,,,,
111,1498556436624,111,'3238353550348101','0000000008060504',,,,-0.2,-110,,,,,,
111,1498556436743,111,'3238353550348101','00000000080e0022',,,,-6,-121,,,,,,
111,1498556436754,111,'3238353550348101','7076fffffe017776',,,,-11,-118,0,-11,-107,,0,0
111,1498556437296,111,'3238353550348101','0000000008060739',,,,-8.5,-117,,,,,,
93,1498556437373,93,'333234315D358019','0000000008060504',,,,-5,-113,,,,,,
94,1498556440530,94,'333234315D358019','0000000008060504',,,,-4.2,-113,,,,,,
94,1498556440675,94,'333234315D358019','7076fffffe017776',,227,gYpPVlTBTahtSpkzmY62RA==,-13,-118,0,-13,-105,-118,0,0
94,1498556440683,94,'333234315D358019','7076fffffe01784d',,652,CFGhPGwJrv4obVLxH8GuXw==,-9,-112,0,-9,-103,-113,0,0
94,1498556441208,94,'333234315D358019','0000000008060739',,,,-4.8,-120,,,,,,
112,1498556441216,112,'3238353550348101','000000000806042f',,,,-10.8,-125,,,,,,
112,1498556441324,112,'3238353550348101','00000000080e0022',,,,-5,-121,,,,,,
112,1498556441658,112,'3238353550348101','00000000080e00e5',,,,-9.2,-124,,,,,,
112,1498556441778,112,'3238353550348101','0000000008060613',,,,-8.5,-124,,,,,,
112,1498556441939,112,'3238353550348101','0000000008060739',,,,-1,-115,,,,,,
112,1498556442067,112,'3238353550348101','000000000806070e',,,,-10.5,-124,,,,,,
95,1498556443701,95,'333234315D358019','0000000008060504',,,,-3.8,-117,,,,,,
95,1498556443800,95,'333234315D358019','00000000080e0022',,,,-9.2,-126,,,,,,
95,1498556444040,95,'333234315D358019','00000000080e00e5',,,,-4.2,-118,,,,,,
113,1498556445231,113,'3238353550348101','000000000806042f',,,,-6.8,-121,,,,,,
113,1498556445342,113,'3238353550348101','00000000080e0022',,,,-6.2,-122,,,,,,
113,1498556445414,113,'3238353550348101','7076fffffe017776',,448,v+zTFDQIwrOGifa91/030w==,-12,-120,0,-12,-108,-121,0,0
113,1498556445579,113,'3238353550348101','00000000080e00e5',,,,-3.2,-118,,,,,,
113,1498556446000,113,'3238353550348101','0000000008060739',,,,-3.2,-117,,,,,,
96,1498556446728,96,'333234315D358019','0000000008060504',,,,-7,-113,,,,,,
96,1498556446815,96,'333234315D358019','7076fffffe01784d',,308,EwTGihHyd2yG+r90d79BPQ==,-11,-114,0,-11,-103,-114,0,0
96,1498556446844,96,'333234315D358019','00000000080e0022',,,,-14,-131,,,,,,
96,1498556447394,96,'333234315D358019','0000000008060739',,,,-1.2,-117,,,,,,
114,1498556449365,114,'3238353550348101','000000000806042f',,,,-10.2,-123,,,,,,
114,1498556449464,114,'3238353550348101','00000000080e0022',,,,-7.2,-124,,,,,,
114,1498556449552,114,'3238353550348101','7076fffffe017776',,1160,luvcq5n0MfgI8Cv3hN7mgQ==,-13,-121,0,-13,-108,-121,0,0
114,1498556449697,114,'3238353550348101','00000000080e00e5',,,,-6.8,-120,,,,,,
97,1498556449738,97,'333234315D358019','0000000008060504',,,,-5,-112,,,,,,
114,1498556450031,114,'3238353550348101','0000000008060739',,,,-1.5,-114,,,,,,
114,1498556450074,114,'3238353550348101','000000000806070e',,,,-13.8,-124,,,,,,
115,1498556452419,115,'3238353550348101','0000000008060504',,,,-12.5,-120,,,,,,
115,1498556452424,115,'3238353550348101','000000000806042f',,,,-7.2,-121,,,,,,
115,1498556452524,115,'3238353550348101','00000000080e0022',,,,-6.2,-123,,,,,,
115,1498556452565,115,'3238353550348101','7076fffffe017776',,1348,YqlxC0QHT7/aipPbUFkR/g==,-13,-121,0,-13,-108,-122,0,0
115,1498556452700,115,'3238353550348101','00000000080e00e5',,,,-4.8,-118,,,,,,
98,1498556452891,98,'333234315D358019','0000000008060504',,,,-3.2,-111,,,,,,
98,1498556453020,98,'333234315D358019','7076fffffe017776',,-298,lb6/cYrqj+g0Udt0TrmZQQ==,-13,-119,0,-13,-106,-119,0,0
98,1498556453049,98,'333234315D358019','7076fffffe01784d',,-553,PwIVidr99KR7N9yZi6DVkQ==,-9,-111,0,-9,-102,-113,0,0